contest_name,year,ward,anc,smd,smd_ballots,smd_anc_votes,explicit_candidates,winner,winner_votes,write_in_votes,over_votes,under_votes,commissioner_name,match,vacant,switcharoo,substantive_write_in,absent,empty
1A01,2018,1,A,1,465,415,2,Layla Bonnot,260,10,1,49,Layla Bonnot,TRUE,FALSE,FALSE,FALSE,FALSE,FALSE
1A02,2018,1,A,2,859,763,2,Teresa A. Edmondson,387,8,0,96,Teresa A. Edmondson,TRUE,FALSE,FALSE,FALSE,FALSE,FALSE
1A03,2018,1,A,3,567,446,1,Zach Rybarczyk,437,9,0,121,Zach Rybarczyk,TRUE,FALSE,FALSE,FALSE,FALSE,FALSE
1A04,2018,1,A,4,689,544,1,Matthew Goldschmidt,515,29,0,145,Matthew Goldschimdt,TRUE,FALSE,FALSE,FALSE,FALSE,FALSE
1A05,2018,1,A,5,566,496,1,Christine Miller,478,18,0,70,Christine Miller,TRUE,FALSE,FALSE,FALSE,FALSE,FALSE
1A06,2018,1,A,6,902,757,1,Angelica Castanon,725,32,0,145,Angelica Castañon,TRUE,FALSE,FALSE,FALSE,FALSE,FALSE
1A07,2018,1,A,7,833,680,1,Jen Bundy,652,28,0,153,Jen Bundy,TRUE,FALSE,FALSE,FALSE,FALSE,FALSE
1A08,2018,1,A,8,1044,941,1,Kent C. Boese,914,27,1,102,Kent C. Boese,TRUE,FALSE,FALSE,FALSE,FALSE,FALSE
1A09,2018,1,A,9,721,609,1,Michael Wray,573,36,0,112,Michael Wray,TRUE,FALSE,FALSE,FALSE,FALSE,FALSE
1A10,2018,1,A,10,848,747,1,Rashida Brown,727,20,0,101,Rashida Brown,TRUE,FALSE,FALSE,FALSE,FALSE,FALSE
1A11,2018,1,A,11,642,554,1,Dotti Love Wade,519,35,0,88,Dotti Love Wade,TRUE,FALSE,FALSE,FALSE,FALSE,FALSE
1A12,2018,1,A,12,590,59,1,WRITE-IN,59,59,0,531,Jason Clock,FALSE,FALSE,FALSE,TRUE,FALSE,FALSE
1B01,2018,1,B,1,862,766,1,Anita Norman,734,32,0,96,Anita Norman,TRUE,FALSE,FALSE,FALSE,FALSE,FALSE
1B02,2018,1,B,2,1210,926,2,Dan Orlaskey,558,19,1,283,Dan Orlaskey,TRUE,FALSE,FALSE,FALSE,FALSE,FALSE
1B03,2018,1,B,3,697,570,1,Sedrick Muhammad,540,30,0,127,Sedrick Muhammad,TRUE,FALSE,FALSE,FALSE,FALSE,FALSE
1B04,2018,1,B,4,1007,784,1,Jon D. Squicciarini,749,35,0,223,Vacant,FALSE,TRUE,FALSE,FALSE,TRUE,FALSE
1B05,2018,1,B,5,887,644,2,James Cordes,322,25,1,242,James Cordes,TRUE,FALSE,FALSE,FALSE,FALSE,FALSE
1B06,2018,1,B,6,760,645,1,Jen Bristol,625,20,0,115,Jennifer Bristol,TRUE,FALSE,FALSE,FALSE,FALSE,FALSE
1B07,2018,1,B,7,412,324,1,Jessica Smith,305,19,0,88,Jessica Laura Smith,TRUE,FALSE,FALSE,FALSE,FALSE,FALSE
1B08,2018,1,B,8,738,595,1,Joshua R. Mater,581,14,0,143,Joshua R. Mater,TRUE,FALSE,FALSE,FALSE,FALSE,FALSE
1B09,2018,1,B,9,813,677,1,James A. Turner,642,35,0,136,James A. Turner,TRUE,FALSE,FALSE,FALSE,FALSE,FALSE
1B10,2018,1,B,10,364,322,1,Danny Delaney,298,24,0,42,Danny Delaney,TRUE,FALSE,FALSE,FALSE,FALSE,FALSE
1B11,2018,1,B,11,748,638,1,Robb Hudson,556,82,0,110,Robb Hudson,TRUE,FALSE,FALSE,FALSE,FALSE,FALSE
1B12,2018,1,B,12,1045,868,1,Dan Winston,847,21,1,176,Dan Winston,TRUE,FALSE,FALSE,FALSE,FALSE,FALSE
1C01,2018,1,C,1,1043,832,1,Amir Irani,808,24,0,211,Amir Irani,TRUE,FALSE,FALSE,FALSE,FALSE,FALSE
1C02,2018,1,C,2,1115,880,2,Bridget Pooley,502,17,0,235,Bridget Pooley,TRUE,FALSE,FALSE,FALSE,FALSE,FALSE
1C03,2018,1,C,3,921,742,1,Ted Guthrie,711,31,1,178,Ted Guthrie,TRUE,FALSE,FALSE,FALSE,FALSE,FALSE
1C04,2018,1,C,4,1006,779,1,Douglas Ely,747,32,1,226,Douglas Ely,TRUE,FALSE,FALSE,FALSE,FALSE,FALSE
1C05,2018,1,C,5,992,823,1,Damiana Dendy,780,43,0,169,Damiana Dendy,TRUE,FALSE,FALSE,FALSE,FALSE,FALSE
1C06,2018,1,C,6,1012,859,2,Michaela Wright,726,15,1,152,Michaela Wright,TRUE,FALSE,FALSE,FALSE,FALSE,FALSE
1C07,2018,1,C,7,972,831,2,Japer Bowles,485,14,0,141,Japer Bowles,TRUE,FALSE,FALSE,FALSE,FALSE,FALSE
1C08,2018,1,C,8,934,794,1,Amanda Fox Perry,765,29,0,140,Amanda Fox Perry,TRUE,FALSE,FALSE,FALSE,FALSE,FALSE
1D01,2018,1,D,1,973,792,1,Jon Stewart,754,38,0,181,Jon Stewart,TRUE,FALSE,FALSE,FALSE,FALSE,FALSE
1D02,2018,1,D,2,529,429,1,Robin Sandenburgh,416,13,0,100,Robin Sandenburgh,TRUE,FALSE,FALSE,FALSE,FALSE,FALSE
1D03,2018,1,D,3,1075,988,2,Jack McKay,564,7,0,87,Jack McKay,TRUE,FALSE,FALSE,FALSE,FALSE,FALSE
1D04,2018,1,D,4,777,565,2,Yasmin Romero-Latin,389,17,0,212,Yasmin Romero-Latin,TRUE,FALSE,FALSE,FALSE,FALSE,FALSE
1D05,2018,1,D,5,976,804,2,Chelsea A. Allinger,443,21,0,172,Chelsea A. Allinger,TRUE,FALSE,FALSE,FALSE,FALSE,FALSE
2A01,2018,2,A,1,123,104,1,Patrick Kennedy,98,6,0,19,Patrick Kennedy,TRUE,FALSE,FALSE,FALSE,FALSE,FALSE
2A02,2018,2,A,2,614,505,1,Nicole Goldin,490,15,0,109,Nicole Goldin,TRUE,FALSE,FALSE,FALSE,FALSE,FALSE
2A03,2018,2,A,3,496,397,1,Trupti J. Patel,367,30,0,99,Trupti J. Patel,TRUE,FALSE,FALSE,FALSE,FALSE,FALSE
2A04,2018,2,A,4,589,570,2,William K Smith,342,2,0,19,William Kennedy Smith,TRUE,FALSE,FALSE,FALSE,FALSE,FALSE
2A05,2018,2,A,5,273,229,1,Philip J. Schrefer,210,19,1,43,Philip J. Schrefer,TRUE,FALSE,FALSE,FALSE,FALSE,FALSE
2A06,2018,2,A,6,465,394,1,Jeri Epstein,381,13,0,71,Jeri Epstein,TRUE,FALSE,FALSE,FALSE,FALSE,FALSE
2A07,2018,2,A,7,156,132,1,Detrick D Campbell,126,6,0,24,Detrick Campbell,TRUE,FALSE,FALSE,FALSE,FALSE,FALSE
2A08,2018,2,A,8,109,21,1,WRITE-IN,21,21,0,88,James Harnett,FALSE,FALSE,FALSE,TRUE,FALSE,FALSE
2B01,2018,2,B,1,777,629,1,Matthew H Sampson,595,34,0,148,Matthew H Sampson,TRUE,FALSE,FALSE,FALSE,FALSE,FALSE
2B02,2018,2,B,2,634,539,1,Daniel Warwick,513,26,0,95,Daniel Warwick,TRUE,FALSE,FALSE,FALSE,FALSE,FALSE
2B03,2018,2,B,3,755,569,2,Lucky Barbieri,283,24,0,186,Lucky Barbieri,TRUE,FALSE,FALSE,FALSE,FALSE,FALSE
2B04,2018,2,B,4,1012,904,2,Aaron Landry,578,12,0,108,Aaron Landry,TRUE,FALSE,FALSE,FALSE,FALSE,FALSE
2B05,2018,2,B,5,766,656,1,Randy D Downs,621,35,0,110,Randy D. Downs,TRUE,FALSE,FALSE,FALSE,FALSE,FALSE
2B06,2018,2,B,6,715,598,1,Mike Silverstein,574,24,0,117,Mike Silverstein,TRUE,FALSE,FALSE,FALSE,FALSE,FALSE
2B07,2018,2,B,7,871,728,1,Kari Cunningham,692,36,0,143,Kari Cunningham,TRUE,FALSE,FALSE,FALSE,FALSE,FALSE
2B08,2018,2,B,8,947,809,1,Beverly Schwartz,759,50,0,138,Beverly Schwartz,TRUE,FALSE,FALSE,FALSE,FALSE,FALSE
2B09,2018,2,B,9,1004,882,1,Ed Hanlon,557,325,1,121,Ed Hanlon,TRUE,FALSE,FALSE,FALSE,FALSE,FALSE
2C01,2018,2,C,1,661,515,2,Michael D. Shankle,324,14,0,146,Michael D. Shankle,TRUE,FALSE,FALSE,FALSE,FALSE,FALSE
2C02,2018,2,C,2,636,520,1,Jamaal T. Burton,502,18,0,116,Jamaal T. Burton,TRUE,FALSE,FALSE,FALSE,FALSE,FALSE
2C03,2018,2,C,3,545,449,1,Kevin Wilsey,425,24,0,96,Kevin Wilsey,TRUE,FALSE,FALSE,FALSE,FALSE,FALSE
2D01,2018,2,D,1,561,466,1,David R. Bender,441,25,0,95,David R. Bender,TRUE,FALSE,FALSE,FALSE,FALSE,FALSE
2D02,2018,2,D,2,529,458,2,Jeff Nestler,257,16,0,71,Jeff Nestler,TRUE,FALSE,FALSE,FALSE,FALSE,FALSE
2E01,2018,2,E,1,598,586,2,Kishan Putta,397,5,0,12,Kishan Putta,TRUE,FALSE,FALSE,FALSE,FALSE,FALSE
2E02,2018,2,E,2,509,429,1,Joe Gibbons,401,28,0,80,Joe Gibbons,TRUE,FALSE,FALSE,FALSE,FALSE,FALSE
2E03,2018,2,E,3,457,396,1,Rick Murphy,373,23,0,61,Rick Murphy,TRUE,FALSE,FALSE,FALSE,FALSE,FALSE
2E04,2018,2,E,4,4,4,1,Anna Landre,4,0,0,0,Anna Landre,TRUE,FALSE,FALSE,FALSE,FALSE,FALSE
2E05,2018,2,E,5,332,292,1,Lisa Palmer,282,10,0,40,Lisa Palmer,TRUE,FALSE,FALSE,FALSE,FALSE,FALSE
2E06,2018,2,E,6,675,638,2,Gwendolyn Lohse,419,4,0,37,Gwendolyn Lohse,TRUE,FALSE,FALSE,FALSE,FALSE,FALSE
2E07,2018,2,E,7,756,632,1,Elizabeth H. Miller,597,35,0,124,Elizabeth H. Miller,TRUE,FALSE,FALSE,FALSE,FALSE,FALSE
2E08,2018,2,E,8,142,25,1,WRITE-IN,25,25,0,117,Matias Burdman,FALSE,FALSE,FALSE,TRUE,FALSE,FALSE
2F01,2018,2,F,1,870,719,1,Jason Forman,687,32,0,151,Jason Forman,TRUE,FALSE,FALSE,FALSE,FALSE,FALSE
2F02,2018,2,F,2,836,696,1,John Guggenmos,674,22,0,140,John Guggenmos,TRUE,FALSE,FALSE,FALSE,FALSE,FALSE
2F03,2018,2,F,3,892,722,1,Tom Alexander,697,25,0,170,Tom Alexander,TRUE,FALSE,FALSE,FALSE,FALSE,FALSE
2F04,2018,2,F,4,878,730,1,John Fanning,707,23,0,148,John Fanning,TRUE,FALSE,FALSE,FALSE,FALSE,FALSE
2F05,2018,2,F,5,756,592,1,Ron Rubin,571,21,1,163,Ron Rubin,TRUE,FALSE,FALSE,FALSE,FALSE,FALSE
2F06,2018,2,F,6,887,761,1,Ian Simon,725,36,1,125,Ian D. Simon,TRUE,FALSE,FALSE,FALSE,FALSE,FALSE
2F07,2018,2,F,7,606,488,1,Kevin J Sylvester,464,24,1,117,Kevin J. Sylvester,TRUE,FALSE,FALSE,FALSE,FALSE,FALSE
2F08,2018,2,F,8,565,454,2,Janice Ferebee,296,10,0,111,Janice Ferebee,TRUE,FALSE,FALSE,FALSE,FALSE,FALSE
3B01,2018,3,B,1,772,625,1,Ann Lane Mladinov,600,25,0,147,Ann Lane Mladinov,TRUE,FALSE,FALSE,FALSE,FALSE,FALSE
3B02,2018,3,B,2,631,535,1,Jackie Blumenthal,514,21,0,96,Jackie Blumenthal,TRUE,FALSE,FALSE,FALSE,FALSE,FALSE
3B03,2018,3,B,3,853,731,1,Melissa Lane,713,18,0,122,Melissa Lane,TRUE,FALSE,FALSE,FALSE,FALSE,FALSE
3B04,2018,3,B,4,1100,901,1,Mary C. Young,883,18,0,199,Mary C. Young,TRUE,FALSE,FALSE,FALSE,FALSE,FALSE
3B05,2018,3,B,5,738,631,1,Brian G. Turmail,609,22,0,107,Brian G. Turmail,TRUE,FALSE,FALSE,FALSE,FALSE,FALSE
3C01,2018,3,C,1,966,789,2,Lee Brian Reba,445,18,0,177,Lee Brian Reba,TRUE,FALSE,FALSE,FALSE,FALSE,FALSE
3C02,2018,3,C,2,1141,925,1,Jason Fink,894,31,0,216,Jason Fink,TRUE,FALSE,FALSE,FALSE,FALSE,FALSE
3C03,2018,3,C,3,1056,799,1,Jimmy Dubois,769,30,1,256,Jimmy Dubois,TRUE,FALSE,FALSE,FALSE,FALSE,FALSE
3C04,2018,3,C,4,860,704,1,Beau Finley,687,17,0,156,Robert"Beau" Finley,TRUE,FALSE,FALSE,FALSE,FALSE,FALSE
3C05,2018,3,C,5,1181,1010,1,Emma Hersh,964,46,0,171,Emma Hersh,TRUE,FALSE,FALSE,FALSE,FALSE,FALSE
3C06,2018,3,C,6,867,779,1,Angela Bradbery,645,134,0,88,Angela Bradbery,TRUE,FALSE,FALSE,FALSE,FALSE,FALSE
3C07,2018,3,C,7,755,618,1,Maureen Kinlan Boucher,593,25,0,137,Maureen Kinlan Boucher,TRUE,FALSE,FALSE,FALSE,FALSE,FALSE
3C08,2018,3,C,8,776,620,2,Victoria Gersten,474,11,2,154,Victoria Gersten,TRUE,FALSE,FALSE,FALSE,FALSE,FALSE
3C09,2018,3,C,9,911,760,1,Nancy J. MacWood,720,40,0,151,Nancy J. MacWood,TRUE,FALSE,FALSE,FALSE,FALSE,FALSE
3D01,2018,3,D,1,840,677,1,Chuck Elkins,659,18,1,162,Chuck Elkins,TRUE,FALSE,FALSE,FALSE,FALSE,FALSE
3D02,2018,3,D,2,427,359,1,Troy Kravitz,332,27,1,67,Troy Kravitz,TRUE,FALSE,FALSE,FALSE,FALSE,FALSE
3D03,2018,3,D,3,697,484,1,Paige Ela,454,30,0,213,Paige Ela,TRUE,FALSE,FALSE,FALSE,FALSE,FALSE
3D04,2018,3,D,4,845,709,1,Michael Sriqui,659,50,0,136,Michael Sriqui,TRUE,FALSE,FALSE,FALSE,FALSE,FALSE
3D05,2018,3,D,5,825,783,2,Alan Karnofsky,490,6,1,41,Alan Karnofsky,TRUE,FALSE,FALSE,FALSE,FALSE,FALSE
3D06,2018,3,D,6,550,134,1,WRITE-IN,134,134,0,416,Virginia Gorsevski,FALSE,FALSE,FALSE,TRUE,FALSE,FALSE
3D07,2018,3,D,7,70,61,1,Taylor Berlin,61,0,0,9,Taylor Berlin,TRUE,FALSE,FALSE,FALSE,FALSE,FALSE
3D08,2018,3,D,8,639,497,1,Christine Warnke,484,13,0,142,Christine Warnke,TRUE,FALSE,FALSE,FALSE,FALSE,FALSE
3D09,2018,3,D,9,727,567,1,J.P. Szymkowicz,521,46,0,160,J.P. Szymkowicz,TRUE,FALSE,FALSE,FALSE,FALSE,FALSE
3D10,2018,3,D,10,205,31,1,WRITE-IN,31,31,0,174,Vacant,FALSE,TRUE,FALSE,FALSE,FALSE,TRUE
3E01,2018,3,E,1,1011,778,1,Greg Ehrhardt,717,61,1,232,Greg Ehrhardt,TRUE,FALSE,FALSE,FALSE,FALSE,FALSE
3E02,2018,3,E,2,914,779,2,Amy B. Hall,440,11,1,134,Amy B. Hall,TRUE,FALSE,FALSE,FALSE,FALSE,FALSE
3E03,2018,3,E,3,915,778,1,Jonathan Bender,729,49,1,136,Jonathan Bender,TRUE,FALSE,FALSE,FALSE,FALSE,FALSE
3E04,2018,3,E,4,981,815,1,Tom Quinn,775,40,0,166,Tom Quinn,TRUE,FALSE,FALSE,FALSE,FALSE,FALSE
3E05,2018,3,E,5,704,585,1,Jonathan McHugh,552,33,0,119,Jonathan McHugh,TRUE,FALSE,FALSE,FALSE,FALSE,FALSE
3F01,2018,3,F,1,868,687,1,David Dickinson,657,30,0,181,David Dickinson,TRUE,FALSE,FALSE,FALSE,FALSE,FALSE
3F02,2018,3,F,2,914,813,2,Carolinn A Kuebler,643,6,1,100,Carolinn A Kuebler,TRUE,FALSE,FALSE,FALSE,FALSE,FALSE
3F03,2018,3,F,3,947,786,1,Naomi Rutenberg,762,24,0,161,Naomi Rutenberg,TRUE,FALSE,FALSE,FALSE,FALSE,FALSE
3F04,2018,3,F,4,828,134,1,WRITE-IN,134,134,0,694,Leah Frelinghuysen,FALSE,FALSE,FALSE,TRUE,FALSE,FALSE
3F05,2018,3,F,5,851,666,1,Andrea Molod,651,15,0,185,Andrea Molod,TRUE,FALSE,FALSE,FALSE,FALSE,FALSE
3F06,2018,3,F,6,913,739,2,Monika Nemeth,415,14,0,174,Monika Nemeth,TRUE,FALSE,FALSE,FALSE,FALSE,FALSE
3F07,2018,3,F,7,979,802,1,Patrick Jakopchek,773,29,0,177,Vacant,FALSE,TRUE,FALSE,FALSE,TRUE,FALSE
3G01,2018,3,G,1,950,764,1,Abraham Clayman,725,39,0,186,Abraham Clayman,TRUE,FALSE,FALSE,FALSE,FALSE,FALSE
3G02,2018,3,G,2,946,706,1,Chanda Tuck-Garfield,665,41,1,239,Chanda Tuck Garfield,TRUE,FALSE,FALSE,FALSE,FALSE,FALSE
3G03,2018,3,G,3,1021,853,1,Randy Speck,822,31,0,168,Randy Speck,TRUE,FALSE,FALSE,FALSE,FALSE,FALSE
3G04,2018,3,G,4,1022,838,1,Rebecca Maydak,797,41,0,184,Rebecca Maydak,TRUE,FALSE,FALSE,FALSE,FALSE,FALSE
3G05,2018,3,G,5,974,827,2,Jerry Malitz,449,17,0,147,Jerry Malitz,TRUE,FALSE,FALSE,FALSE,FALSE,FALSE
3G06,2018,3,G,6,947,753,1,Dan Bradfield,726,27,0,194,Dan Bradfield,TRUE,FALSE,FALSE,FALSE,FALSE,FALSE
3G07,2018,3,G,7,885,698,1,Chris Fromboluti,678,20,0,187,Chris Fromboluti,TRUE,FALSE,FALSE,FALSE,FALSE,FALSE
4A01,2018,4,A,1,1017,920,2,Phyllis Green,542,19,0,97,Phyllis Caudle Green,TRUE,FALSE,FALSE,FALSE,FALSE,FALSE
4A02,2018,4,A,2,1150,1092,2,Stacey Lincoln,613,7,0,58,Stacey Lincoln,TRUE,FALSE,FALSE,FALSE,FALSE,FALSE
4A03,2018,4,A,3,654,566,1,Stephen A. Steve Whatley,536,30,0,88,Stephen A. Whatley,TRUE,FALSE,FALSE,FALSE,FALSE,FALSE
4A04,2018,4,A,4,800,729,2,Patience R. Singleton,463,10,1,70,Patience Singleton,TRUE,FALSE,FALSE,FALSE,FALSE,FALSE
4A05,2018,4,A,5,447,369,1,Deborah Pope,342,27,0,78,Vacant,FALSE,TRUE,FALSE,FALSE,TRUE,FALSE
4A06,2018,4,A,6,385,307,1,Candace Tiana Nelson,297,10,0,78,Candace Tiana Nelson,TRUE,FALSE,FALSE,FALSE,FALSE,FALSE
4A07,2018,4,A,7,664,154,1,WRITE-IN,154,154,0,510,Marlene Moss,FALSE,FALSE,FALSE,TRUE,FALSE,FALSE
4A08,2018,4,A,8,1153,1021,1,Gale Black,977,44,1,131,Gale B. Black,TRUE,FALSE,FALSE,FALSE,FALSE,FALSE
4B01,2018,4,B,1,1052,938,2,Evan Yeats,506,17,0,114,Evan Yeats,TRUE,FALSE,FALSE,FALSE,FALSE,FALSE
4B02,2018,4,B,2,905,815,2,Erin Palmer,601,23,0,90,Erin Palmer,TRUE,FALSE,FALSE,FALSE,FALSE,FALSE
4B03,2018,4,B,3,940,812,1,Scot Knickerbocker,770,42,0,128,Scot Knickerbocker,TRUE,FALSE,FALSE,FALSE,FALSE,FALSE
4B04,2018,4,B,4,960,856,1,Brenda Parks,819,37,0,104,Brenda Parks,TRUE,FALSE,FALSE,FALSE,FALSE,FALSE
4B05,2018,4,B,5,641,113,1,WRITE-IN,113,113,0,528,Perry Redd,FALSE,FALSE,FALSE,TRUE,FALSE,FALSE
4B06,2018,4,B,6,971,814,1,Natalee S. Snider,642,172,0,157,Tiffani Nichole Johnson,FALSE,FALSE,TRUE,FALSE,FALSE,FALSE
4B07,2018,4,B,7,1301,1206,3,Geoff Bromaghim,528,15,0,95,Geoff Bromaghim,TRUE,FALSE,FALSE,FALSE,FALSE,FALSE
4B08,2018,4,B,8,950,863,2,Alison Brooks,657,26,0,87,Alison Brooks,TRUE,FALSE,FALSE,FALSE,FALSE,FALSE
4B09,2018,4,B,9,1052,1018,2,La Roya A. Huff,515,6,1,33,LaRoya A. Huff,TRUE,FALSE,FALSE,FALSE,FALSE,FALSE
4C01,2018,4,C,1,712,653,2,Charlotte Nugent,495,16,0,59,Charlotte Nugent,TRUE,FALSE,FALSE,FALSE,FALSE,FALSE
4C02,2018,4,C,2,975,817,1,Maria Barry,761,56,0,158,Maria Barry,TRUE,FALSE,FALSE,FALSE,FALSE,FALSE
4C03,2018,4,C,3,819,684,2,Ulysses E. Campbell,399,21,1,134,Ulysses E. Campbell,TRUE,FALSE,FALSE,FALSE,FALSE,FALSE
4C04,2018,4,C,4,557,160,1,WRITE-IN,160,160,0,397,Nora Simon,FALSE,FALSE,FALSE,TRUE,FALSE,FALSE
4C05,2018,4,C,5,678,543,2,Debbie Matties,344,15,0,135,Debbie Matties,TRUE,FALSE,FALSE,FALSE,FALSE,FALSE
4C06,2018,4,C,6,1051,850,1,Bennett Hilley,801,49,3,198,Bennett Hilley,TRUE,FALSE,FALSE,FALSE,FALSE,FALSE
4C07,2018,4,C,7,933,801,2,Kim Varzi,651,27,0,132,Kim Varzi,TRUE,FALSE,FALSE,FALSE,FALSE,FALSE
4C08,2018,4,C,8,1013,890,1,WRITE-IN,450,450,0,123,Leah Anderson,FALSE,FALSE,FALSE,TRUE,FALSE,FALSE
4C09,2018,4,C,9,842,757,2,Tearsa Coates,472,22,1,84,Tearsa Coates,TRUE,FALSE,FALSE,FALSE,FALSE,FALSE
4C10,2018,4,C,10,918,779,1,Jonah Goodman,700,79,0,139,Jonah Goodman,TRUE,FALSE,FALSE,FALSE,FALSE,FALSE
4D01,2018,4,D,1,601,480,1,Peter Tabor,462,18,0,121,Peter Tabor,TRUE,FALSE,FALSE,FALSE,FALSE,FALSE
4D02,2018,4,D,2,823,751,1,Renee L. Bowser,733,18,0,72,Renée L. Bowser,TRUE,FALSE,FALSE,FALSE,FALSE,FALSE
4D03,2018,4,D,3,927,764,1,Aaron Polkey,734,30,0,163,Aaron Polkey,TRUE,FALSE,FALSE,FALSE,FALSE,FALSE
4D04,2018,4,D,4,708,605,1,Jamie Barden,587,18,0,103,Jamie Barden,TRUE,FALSE,FALSE,FALSE,FALSE,FALSE
4D05,2018,4,D,5,654,545,1,Krystal Branton,521,24,0,109,Krystal Branton,TRUE,FALSE,FALSE,FALSE,FALSE,FALSE
4D06,2018,4,D,6,786,659,1,Jonathan Nobil,623,36,0,127,Jonathan Nobil,TRUE,FALSE,FALSE,FALSE,FALSE,FALSE
5A01,2018,5,A,1,1032,933,2,Frank Wilds,632,19,1,98,Frank Wilds,TRUE,FALSE,FALSE,FALSE,FALSE,FALSE
5A02,2018,5,A,2,950,855,1,Grace J. Lewis,782,73,0,95,Grace J. Lewis,TRUE,FALSE,FALSE,FALSE,FALSE,FALSE
5A03,2018,5,A,3,1028,906,2,Emily Singer Lucio,443,33,0,122,Emily Singer Lucio,TRUE,FALSE,FALSE,FALSE,FALSE,FALSE
5A04,2018,5,A,4,18,3,1,WRITE-IN,3,3,0,15,Isaiah Burroughs,FALSE,FALSE,FALSE,TRUE,FALSE,FALSE
5A05,2018,5,A,5,363,323,2,Ronnie Edwards,167,2,0,40,Ronnie Edwards,TRUE,FALSE,FALSE,FALSE,FALSE,FALSE
5A06,2018,5,A,6,722,610,1,A. Jamaal Lampkin,567,43,0,112,A. Jamaal Lampkin,TRUE,FALSE,FALSE,FALSE,FALSE,FALSE
5A07,2018,5,A,7,427,361,1,Sandra Sandi Washington,348,13,1,65,Sandi Washington,TRUE,FALSE,FALSE,FALSE,FALSE,FALSE
5A08,2018,5,A,8,1089,983,1,Gordon - Andrew Fletcher,934,49,0,106,Gordon-Andrew Fletcher,TRUE,FALSE,FALSE,FALSE,FALSE,FALSE
5B01,2018,5,B,1,1056,967,1,Gayle Carley,927,40,0,89,Gayle Hall-Carley,TRUE,FALSE,FALSE,FALSE,FALSE,FALSE
5B02,2018,5,B,2,1006,859,1,Ursula Higgins,800,59,1,146,Ursula Higgins,TRUE,FALSE,FALSE,FALSE,FALSE,FALSE
5B03,2018,5,B,3,1087,910,1,Henri Makembe,846,64,0,177,Henri Makembe,TRUE,FALSE,FALSE,FALSE,FALSE,FALSE
5B04,2018,5,B,4,1041,883,1,Ra Amin,843,40,0,158,Ra Amin,TRUE,FALSE,FALSE,FALSE,FALSE,FALSE
5B05,2018,5,B,5,1023,871,2,Landon Jones,429,28,0,152,Landon Jones,TRUE,FALSE,FALSE,FALSE,FALSE,FALSE
5C01,2018,5,C,1,891,798,3,Gail A. Brevard,454,25,0,93,Gail Brevard,TRUE,FALSE,FALSE,FALSE,FALSE,FALSE
5C02,2018,5,C,2,748,675,2,Lauren Rogers,449,15,0,73,Lauren Rogers,TRUE,FALSE,FALSE,FALSE,FALSE,FALSE
5C03,2018,5,C,3,1199,1064,1,Robert Looper III,1031,33,1,134,Robert Looper III,TRUE,FALSE,FALSE,FALSE,FALSE,FALSE
5C04,2018,5,C,4,738,653,1,Jacqueline Manning,618,35,0,85,Jacqueline Manning,TRUE,FALSE,FALSE,FALSE,FALSE,FALSE
5C05,2018,5,C,5,763,657,1,Darlene Oliver,629,28,0,106,Darlene Oliver,TRUE,FALSE,FALSE,FALSE,FALSE,FALSE
5C06,2018,5,C,6,615,553,3,Kirsten Williams,207,7,0,62,Kirsten Williams,TRUE,FALSE,FALSE,FALSE,FALSE,FALSE
5C07,2018,5,C,7,877,778,2,Jeremiah Montague Jr,571,17,0,99,Jeremiah Montague Jr.,TRUE,FALSE,FALSE,FALSE,FALSE,FALSE
5D01,2018,5,D,1,578,519,2,Ryan Linehan,320,8,1,58,Ryan Linehan,TRUE,FALSE,FALSE,FALSE,FALSE,FALSE
5D02,2018,5,D,2,719,623,1,Keisha L. Shropshire,593,30,1,95,Keisha L. Shropshire,TRUE,FALSE,FALSE,FALSE,FALSE,FALSE
5D03,2018,5,D,3,716,601,1,Steven Motley,558,43,0,115,Steven C. Motley Sr,TRUE,FALSE,FALSE,FALSE,FALSE,FALSE
5D04,2018,5,D,4,497,437,1,Bernice S Blacknell,424,13,0,60,Bernice S Blacknell,TRUE,FALSE,FALSE,FALSE,FALSE,FALSE
5D05,2018,5,D,5,474,426,2,Sydelle Moore,299,11,0,48,Sydelle Moore,TRUE,FALSE,FALSE,FALSE,FALSE,FALSE
5D06,2018,5,D,6,1040,867,2,Jason E. Burkett,423,36,0,173,Jason E. Burkett,TRUE,FALSE,FALSE,FALSE,FALSE,FALSE
5D07,2018,5,D,7,748,644,1,Clarence Lee,619,25,0,104,Clarence Lee,TRUE,FALSE,FALSE,FALSE,FALSE,FALSE
5E01,2018,5,E,1,841,310,1,WRITE-IN,310,310,0,531,Nick Cheolas,FALSE,FALSE,FALSE,TRUE,FALSE,FALSE
5E02,2018,5,E,2,447,377,1,Patricia L. Williams,360,17,0,70,Patricia Williams,TRUE,FALSE,FALSE,FALSE,FALSE,FALSE
5E03,2018,5,E,3,1482,1243,2,Cortney Segmen,853,68,1,238,Cortney Segmen,TRUE,FALSE,FALSE,FALSE,FALSE,FALSE
5E04,2018,5,E,4,1024,940,4,Sylvia M. Pinkney,496,9,1,83,Sylvia M. Pinkney,TRUE,FALSE,FALSE,FALSE,FALSE,FALSE
5E05,2018,5,E,5,969,861,2,Bradley Ashton Thomas,427,11,0,108,Bradley Ashton Thomas,TRUE,FALSE,FALSE,FALSE,FALSE,FALSE
5E06,2018,5,E,6,832,721,2,Karla M. Lewis,374,12,0,111,Karla M. Lewis,TRUE,FALSE,FALSE,FALSE,FALSE,FALSE
5E07,2018,5,E,7,999,831,1,Bertha G. Holliday,778,53,0,168,Bertha G. Holliday,TRUE,FALSE,FALSE,FALSE,FALSE,FALSE
5E08,2018,5,E,8,928,739,1,Robert Vinson Brannum,686,53,0,189,Robert Vinson Brannum,TRUE,FALSE,FALSE,FALSE,FALSE,FALSE
5E09,2018,5,E,9,829,740,4,C. Dianne Barnes,360,13,1,88,Dianne Barnes,TRUE,FALSE,FALSE,FALSE,FALSE,FALSE
5E10,2018,5,E,10,965,853,1,Nancy Darlene Jones,714,139,0,112,Nancy Darlene Jones,TRUE,FALSE,FALSE,FALSE,FALSE,FALSE
6A01,2018,6,A,1,1022,874,1,Marie-Claire Brown,838,36,1,147,Marie-Claire Brown,TRUE,FALSE,FALSE,FALSE,FALSE,FALSE
6A02,2018,6,A,2,978,845,1,Phil Toomajian,801,44,0,133,Phil Toomajian,TRUE,FALSE,FALSE,FALSE,FALSE,FALSE
6A03,2018,6,A,3,1115,974,2,Mike Soderman,536,20,0,141,Mike Soderman,TRUE,FALSE,FALSE,FALSE,FALSE,FALSE
6A04,2018,6,A,4,1130,985,1,Amber Gove,948,37,0,145,Amber Gove,TRUE,FALSE,FALSE,FALSE,FALSE,FALSE
6A05,2018,6,A,5,1142,1007,2,Ruth Ann Hudson,548,13,0,135,Ruth Ann Hudson,TRUE,FALSE,FALSE,FALSE,FALSE,FALSE
6A06,2018,6,A,6,997,849,2,Stephanie Zimny,655,24,1,147,Stephanie Zimny,TRUE,FALSE,FALSE,FALSE,FALSE,FALSE
6A07,2018,6,A,7,750,659,1,Sondra Phillips-Gilbert,614,45,0,91,Sondra Phillips-Gilbert,TRUE,FALSE,FALSE,FALSE,FALSE,FALSE
6A08,2018,6,A,8,1057,888,1,Brian Alcorn,848,40,1,168,Brian Alcorn,TRUE,FALSE,FALSE,FALSE,FALSE,FALSE
6B01,2018,6,B,1,792,661,1,Jennifer E. Samolyk,625,36,0,131,Jennifer E. Samolyk,TRUE,FALSE,FALSE,FALSE,FALSE,FALSE
6B02,2018,6,B,2,1082,837,1,Gerald Sroufe,804,33,0,245,Gerald Sroufe,TRUE,FALSE,FALSE,FALSE,FALSE,FALSE
6B03,2018,6,B,3,1073,908,1,Brian Ready,866,42,0,165,Brian Ready,TRUE,FALSE,FALSE,FALSE,FALSE,FALSE
6B04,2018,6,B,4,824,718,1,Kirsten Oldenburg,682,36,0,106,Kirsten Oldenburg,TRUE,FALSE,FALSE,FALSE,FALSE,FALSE
6B05,2018,6,B,5,1026,872,2,Steve Holtzman,655,17,0,154,Steve Holtzman,TRUE,FALSE,FALSE,FALSE,FALSE,FALSE
6B06,2018,6,B,6,1105,921,1,Corey Holman,891,30,0,184,Corey Holman,TRUE,FALSE,FALSE,FALSE,FALSE,FALSE
6B07,2018,6,B,7,787,664,1,Kelly Waud,639,25,0,123,Kelly Waud,TRUE,FALSE,FALSE,FALSE,FALSE,FALSE
6B08,2018,6,B,8,1027,833,1,Chander Jayaraman,790,43,1,193,Chander Jayaraman,TRUE,FALSE,FALSE,FALSE,FALSE,FALSE
6B09,2018,6,B,9,1217,1054,1,Kasie Clark,1006,48,0,163,Kasie Clark,TRUE,FALSE,FALSE,FALSE,FALSE,FALSE
6B10,2018,6,B,10,1045,899,1,Kathryn Denise Rucker Krepp,857,42,0,146,Kathryn Denise Rucker Krepp,TRUE,FALSE,FALSE,FALSE,FALSE,FALSE
6C01,2018,6,C,1,828,704,1,Christine Healey,679,25,0,124,Christine Healey,TRUE,FALSE,FALSE,FALSE,FALSE,FALSE
6C02,2018,6,C,2,451,364,1,Karen Wirt,344,20,0,87,Karen Wirt,TRUE,FALSE,FALSE,FALSE,FALSE,FALSE
6C03,2018,6,C,3,1115,890,1,Jay Adelstein,847,43,0,225,Jay Adelstein,TRUE,FALSE,FALSE,FALSE,FALSE,FALSE
6C04,2018,6,C,4,1174,960,1,Mark Eckenwiler,895,65,0,214,Mark Eckenwiler,TRUE,FALSE,FALSE,FALSE,FALSE,FALSE
6C05,2018,6,C,5,1466,1153,2,Joel Kelty,574,43,0,313,Joel Kelty,TRUE,FALSE,FALSE,FALSE,FALSE,FALSE
6C06,2018,6,C,6,2384,1961,1,Robb Dooling,1868,93,0,423,Robb Dooling,TRUE,FALSE,FALSE,FALSE,FALSE,FALSE
6D01,2018,6,D,1,1352,1152,1,Gail Fast,1080,72,1,199,Gail Fast,TRUE,FALSE,FALSE,FALSE,FALSE,FALSE
6D02,2018,6,D,2,1565,1369,2,Anna Forgie,1046,46,0,196,Anna Forgie,TRUE,FALSE,FALSE,FALSE,FALSE,FALSE
6D03,2018,6,D,3,781,639,1,Ron Collins,594,45,0,142,Ronald R. Collins,TRUE,FALSE,FALSE,FALSE,FALSE,FALSE
6D04,2018,6,D,4,1248,1071,1,Andy Litsky,1019,52,1,176,Andy Litsky,TRUE,FALSE,FALSE,FALSE,FALSE,FALSE
6D05,2018,6,D,5,1180,1016,2,Anthony Dale,553,26,1,163,Anthony Dale,TRUE,FALSE,FALSE,FALSE,FALSE,FALSE
6D06,2018,6,D,6,848,745,1,Rhonda Natalie Hamilton,705,40,0,103,Rhonda N. Hamilton,TRUE,FALSE,FALSE,FALSE,FALSE,FALSE
6D07,2018,6,D,7,2108,1739,3,Edward Daniels,847,86,1,368,Edward Daniels,TRUE,FALSE,FALSE,FALSE,FALSE,FALSE
6E01,2018,6,E,1,1214,1047,2,Alexander M. Alex Padro,631,16,0,167,Alexander M. "Alex" Padro,TRUE,FALSE,FALSE,FALSE,FALSE,FALSE
6E02,2018,6,E,2,1054,881,2,Michael J. Brown,423,45,2,171,Michael J. Brown,TRUE,FALSE,FALSE,FALSE,FALSE,FALSE
6E03,2018,6,E,3,623,541,1,Frank Wiggins,504,37,2,80,Frank S. Wiggins,TRUE,FALSE,FALSE,FALSE,FALSE,FALSE
6E04,2018,6,E,4,1089,857,1,David Jaffe,646,211,0,232,Vacant,FALSE,TRUE,FALSE,FALSE,TRUE,FALSE
6E05,2018,6,E,5,1518,1327,1,Alex Marriott,1263,64,0,191,Alex Marriott,TRUE,FALSE,FALSE,FALSE,FALSE,FALSE
6E06,2018,6,E,6,237,196,1,Alvin Judd SR,184,12,0,41,Alvin Judd Sr.,TRUE,FALSE,FALSE,FALSE,FALSE,FALSE
6E07,2018,6,E,7,820,691,1,Kevin M. Rogers,624,67,1,128,Kevin M. Rogers,TRUE,FALSE,FALSE,FALSE,FALSE,FALSE
7B01,2018,7,B,1,717,589,1,Patricia Howard-Chittams,554,35,0,128,Patricia Howard-Chittams,TRUE,FALSE,FALSE,FALSE,FALSE,FALSE
7B02,2018,7,B,2,746,663,1,Tiffany L. Brown,638,25,0,83,Tiffany L. Brown,TRUE,FALSE,FALSE,FALSE,FALSE,FALSE
7B03,2018,7,B,3,647,82,1,WRITE-IN,82,82,0,565,Benjamin Crane,FALSE,FALSE,FALSE,TRUE,FALSE,FALSE
7B04,2018,7,B,4,1083,979,2,Nicole Smith-McDermott,524,34,1,103,Nicole Smith-McDermott,TRUE,FALSE,FALSE,FALSE,FALSE,FALSE
7B05,2018,7,B,5,746,708,2,Villareal VJ Johnson,359,9,0,38,Villareal "VJ" Johnson II,TRUE,FALSE,FALSE,FALSE,FALSE,FALSE
7B06,2018,7,B,6,952,865,2,April Pradier,326,220,1,86,April Pradier,TRUE,FALSE,FALSE,FALSE,FALSE,FALSE
7B07,2018,7,B,7,1041,927,2,D.L. Humphrey,524,36,1,113,D. L. Humphrey,TRUE,FALSE,FALSE,FALSE,FALSE,FALSE
7C01,2018,7,C,1,565,494,2,Patricia Malloy,297,18,0,71,Patricia A. Malloy,TRUE,FALSE,FALSE,FALSE,FALSE,FALSE
7C02,2018,7,C,2,645,552,2,Lawrence Bryant Davin,330,21,0,93,Lawrence Davin,TRUE,FALSE,FALSE,FALSE,FALSE,FALSE
7C03,2018,7,C,3,591,508,1,Catherine A. Woods,480,28,0,83,Catherine A. Woods,TRUE,FALSE,FALSE,FALSE,FALSE,FALSE
7C04,2018,7,C,4,766,669,1,Anthony Lorenzo Green,635,34,0,97,Anthony Lorenzo Green,TRUE,FALSE,FALSE,FALSE,FALSE,FALSE
7C05,2018,7,C,5,684,580,1,Mary L. Gaffney,542,38,1,103,Mary L. Gaffney,TRUE,FALSE,FALSE,FALSE,FALSE,FALSE
7C06,2018,7,C,6,580,93,1,WRITE-IN,93,93,0,487,Arnold Smith,FALSE,FALSE,FALSE,TRUE,FALSE,FALSE
7C07,2018,7,C,7,586,541,2,Antawan Holmes,373,7,0,45,Antawan Holmes,TRUE,FALSE,FALSE,FALSE,FALSE,FALSE
7D01,2018,7,D,1,888,855,3,Tamara Blair,483,5,1,32,Tamara Blair,TRUE,FALSE,FALSE,FALSE,FALSE,FALSE
7D02,2018,7,D,2,722,562,1,Siraaj Hasan,533,29,0,160,Siraaj M. Hasan,TRUE,FALSE,FALSE,FALSE,FALSE,FALSE
7D03,2018,7,D,3,357,325,3,Dorothy Douglas,219,6,0,32,Dorothy Douglas,TRUE,FALSE,FALSE,FALSE,FALSE,FALSE
7D04,2018,7,D,4,915,886,2,Cinque E. Culver,499,5,2,27,Cinque E. Culver,TRUE,FALSE,FALSE,FALSE,FALSE,FALSE
7D05,2018,7,D,5,765,120,1,WRITE-IN,120,120,0,645,Aretha Jackson,FALSE,FALSE,FALSE,TRUE,FALSE,FALSE
7D06,2018,7,D,6,617,105,1,WRITE-IN,105,105,0,512,Sherice A. Muhammad,FALSE,FALSE,FALSE,TRUE,FALSE,FALSE
7D07,2018,7,D,7,760,593,1,Artilie Wright,572,21,0,167,Artilie Wright,TRUE,FALSE,FALSE,FALSE,FALSE,FALSE
7E01,2018,7,E,1,751,691,2,Veda Rasheed,478,14,0,60,Veda Rasheed,TRUE,FALSE,FALSE,FALSE,FALSE,FALSE
7E02,2018,7,E,2,828,725,1,Linda S. Green,663,62,0,103,Linda S. Green,TRUE,FALSE,FALSE,FALSE,FALSE,FALSE
7E03,2018,7,E,3,428,360,1,Ebbon A. Allen,340,20,1,67,Ebbon A. Allen,TRUE,FALSE,FALSE,FALSE,FALSE,FALSE
7E04,2018,7,E,4,725,665,2,Takiyah T.N. Tate,452,20,2,58,Takiyah Tate,TRUE,FALSE,FALSE,FALSE,FALSE,FALSE
7E05,2018,7,E,5,505,405,1,Victor L. Horton,355,50,0,100,Victor L. Horton,TRUE,FALSE,FALSE,FALSE,FALSE,FALSE
7E06,2018,7,E,6,602,494,1,Delia Houseal,445,49,0,108,Delia Houseal,TRUE,FALSE,FALSE,FALSE,FALSE,FALSE
7E07,2018,7,E,7,617,552,2,Yolanda Fields,454,51,2,63,Yolanda Fields,TRUE,FALSE,FALSE,FALSE,FALSE,FALSE
7F01,2018,7,F,1,771,642,1,Tyrell M. Holcomb,615,27,0,129,Tyrell M. Holcomb,TRUE,FALSE,FALSE,FALSE,FALSE,FALSE
7F02,2018,7,F,2,875,694,1,Terrance Hunter,655,39,0,181,Terrance Hunter,TRUE,FALSE,FALSE,FALSE,FALSE,FALSE
7F03,2018,7,F,3,453,378,1,Sheila Marie Carson Carr,360,18,0,75,Sheila Carson Carr,TRUE,FALSE,FALSE,FALSE,FALSE,FALSE
7F04,2018,7,F,4,259,206,2,Charlene Exum,107,19,0,53,Charlene Exum,TRUE,FALSE,FALSE,FALSE,FALSE,FALSE
7F05,2018,7,F,5,548,504,2,Brittany N. Hughes,274,10,0,44,Brittany N. Hughes,TRUE,FALSE,FALSE,FALSE,FALSE,FALSE
7F06,2018,7,F,6,562,457,1,Carol E. Fletcher,438,19,0,105,Carol E. Fletcher,TRUE,FALSE,FALSE,FALSE,FALSE,FALSE
7F07,2018,7,F,7,26,2,1,WRITE-IN,2,2,0,24,Vacant,FALSE,TRUE,FALSE,FALSE,FALSE,TRUE
8A01,2018,8,A,1,773,722,2,Holly Muhammad,526,8,0,51,Holly Muhammad,TRUE,FALSE,FALSE,FALSE,FALSE,FALSE
8A02,2018,8,A,2,791,683,1,Barbara J. Clark,644,39,0,108,Barbara J. Clark,TRUE,FALSE,FALSE,FALSE,FALSE,FALSE
8A03,2018,8,A,3,659,533,1,Brian K Thompson,485,48,1,125,Brian K Thompson,TRUE,FALSE,FALSE,FALSE,FALSE,FALSE
8A04,2018,8,A,4,400,334,1,Troy Donte Prestwood,285,49,0,66,Troy Donte Prestwood,TRUE,FALSE,FALSE,FALSE,FALSE,FALSE
8A05,2018,8,A,5,619,176,1,WRITE-IN,176,176,0,443,Dorcas Agyei,FALSE,FALSE,FALSE,TRUE,FALSE,FALSE
8A06,2018,8,A,6,765,713,2,Tyon Jones,341,33,1,51,Tyón Jones,TRUE,FALSE,FALSE,FALSE,FALSE,FALSE
8A07,2018,8,A,7,703,603,1,Hanna Baker,529,74,0,100,Hanna Baker,TRUE,FALSE,FALSE,FALSE,FALSE,FALSE
8B01,2018,8,B,1,624,562,2,Leonard Lee Watson JR.,375,10,0,62,Leonard Lee Watson Jr.,TRUE,FALSE,FALSE,FALSE,FALSE,FALSE
8B02,2018,8,B,2,417,319,1,Paul Trantham,286,33,0,98,Paul Trantham,TRUE,FALSE,FALSE,FALSE,FALSE,FALSE
8B03,2018,8,B,3,571,496,2,Charles H. Wilson,312,48,0,75,Charles H. Wilson,TRUE,FALSE,FALSE,FALSE,FALSE,FALSE
8B04,2018,8,B,4,435,364,1,Darrell Danny Gaston,235,129,1,70,Darrell Danny Gaston,TRUE,FALSE,FALSE,FALSE,FALSE,FALSE
8B05,2018,8,B,5,378,321,1,Betty Scippio,251,70,0,57,Betty Scippio,TRUE,FALSE,FALSE,FALSE,FALSE,FALSE
8B06,2018,8,B,6,480,373,1,Humam Abdulmalik,340,33,0,107,Humam Abdulmalik,TRUE,FALSE,FALSE,FALSE,FALSE,FALSE
8B07,2018,8,B,7,418,96,1,WRITE-IN,96,96,0,322,Keeon Bassett,FALSE,FALSE,FALSE,TRUE,FALSE,FALSE
8C01,2018,8,C,1,712,595,1,Mike Austin,532,63,0,117,Mike Austin,TRUE,FALSE,FALSE,FALSE,FALSE,FALSE
8C02,2018,8,C,2,342,309,2,Chyla D. Evans,163,29,0,33,Chyla D. Evans,TRUE,FALSE,FALSE,FALSE,FALSE,FALSE
8C03,2018,8,C,3,538,155,1,WRITE-IN,155,155,0,383,Robinette Woodland,FALSE,FALSE,FALSE,TRUE,FALSE,FALSE
8C04,2018,8,C,4,615,572,2,Regina Sharlita Pixley,302,14,0,43,Regina Sharlita Pixley,TRUE,FALSE,FALSE,FALSE,FALSE,FALSE
8C05,2018,8,C,5,282,217,1,Mustafa Abdul-Salaam,196,21,0,65,Mustafa Abdul-Salaam,TRUE,FALSE,FALSE,FALSE,FALSE,FALSE
8C06,2018,8,C,6,347,286,1,Rhonda Edwards-Hines,242,44,0,61,Rhonda L. Edwards-Hines,TRUE,FALSE,FALSE,FALSE,FALSE,FALSE
8C07,2018,8,C,7,594,550,2,Salim Adofo,283,70,0,44,Salim Adofo,TRUE,FALSE,FALSE,FALSE,FALSE,FALSE
8D01,2018,8,D,1,496,417,1,Patricia Pat Carmon,391,26,0,79,Patricia Carmon,TRUE,FALSE,FALSE,FALSE,FALSE,FALSE
8D02,2018,8,D,2,425,363,1,Olivia L. Henderson,352,11,0,62,Olivia L. Henderson,TRUE,FALSE,FALSE,FALSE,FALSE,FALSE
8D03,2018,8,D,3,356,272,1,Absalom AB Jordan,256,16,0,84,Absalom Jordan,TRUE,FALSE,FALSE,FALSE,FALSE,FALSE
8D04,2018,8,D,4,295,253,1,Monique T. Diop,240,13,1,41,Monique T. Diop,TRUE,FALSE,FALSE,FALSE,FALSE,FALSE
8D05,2018,8,D,5,434,337,1,Ellen Armstead,319,18,1,96,Ellen Armstead,TRUE,FALSE,FALSE,FALSE,FALSE,FALSE
8D06,2018,8,D,6,673,552,1,LaVerne R. Glenn,522,30,0,121,LaVerne R. Glenn,TRUE,FALSE,FALSE,FALSE,FALSE,FALSE
8D07,2018,8,D,7,430,395,2,Constance Connie Mobley,288,18,0,35,Constance Mobley,TRUE,FALSE,FALSE,FALSE,FALSE,FALSE
8E01,2018,8,E,1,585,556,3,Joseph B. Johnson,217,34,0,29,Adeoye Owolewa,FALSE,FALSE,TRUE,FALSE,FALSE,FALSE
8E02,2018,8,E,2,555,523,3,Cheryl Moore,229,11,1,31,Cheryl Moore,TRUE,FALSE,FALSE,FALSE,FALSE,FALSE
8E03,2018,8,E,3,364,307,1,Monica Watts,281,26,0,57,Monica Watts,TRUE,FALSE,FALSE,FALSE,FALSE,FALSE
8E04,2018,8,E,4,679,635,2,Kendall Simmons,326,26,0,44,Kendall Simmons,TRUE,FALSE,FALSE,FALSE,FALSE,FALSE
8E05,2018,8,E,5,692,566,1,Christopher L. Hawthorne,525,41,0,126,Christopher L. Hawthorne,TRUE,FALSE,FALSE,FALSE,FALSE,FALSE
8E06,2018,8,E,6,494,395,1,Karlene (K.) Armstead,378,17,0,99,Karlene Armstead,TRUE,FALSE,FALSE,FALSE,FALSE,FALSE
8E07,2018,8,E,7,597,495,1,Stephen A Slaughter,455,40,0,102,Stephen A. Slaughter,TRUE,FALSE,FALSE,FALSE,FALSE,FALSE
,NA,NA,NA,NA,NA,NA,NA,NA,NA,NA,NA,NA,,NA,FALSE,NA,FALSE,FALSE,FALSE
