contest_name,year,ward,anc,smd,smd_ballots,smd_anc_votes,explicit_candidates,winner,winner_votes,write_in_votes,over_votes,under_votes
1A01,2012,1,A,01,NA,398,1,LISA KRALOVIC,374,24,NA,NA
1A02,2012,1,A,02,NA,738,2,VICKEY A. WRIGHT-SMITH,432,11,NA,NA
1A03,2012,1,A,03,NA,442,1,STEVE SWANK,406,36,NA,NA
1A04,2012,1,A,04,NA,568,2,LAINA AQUILINE,430,18,NA,NA
1A05,2012,1,A,05,NA,456,1,KEVIN HOLMES,440,16,NA,NA
1A06,2012,1,A,06,NA,725,3,PATRICK W. FLYNN,411,9,NA,NA
1A07,2012,1,A,07,NA,677,1,THOMAS BOISVERT,633,44,NA,NA
1A08,2012,1,A,08,NA,866,1,KENT C. BOESE,852,14,NA,NA
1A09,2012,1,A,09,NA,532,1,BOBBY HOLMES,495,37,NA,NA
1A10,2012,1,A,10,NA,810,2,ANTHONY CIMINO,554,6,NA,NA
1A11,2012,1,A,11,NA,650,2,DOTTI LOVE WADE,429,16,NA,NA
1A12,2012,1,A,12,NA,565,2,ROSALIND M. GILLIAM,322,10,NA,NA
1B01,2012,1,B,01,NA,679,1,MARC MORGAN,655,24,NA,NA
1B02,2012,1,B,02,NA,844,1,JEREMY C. LEFFLER,797,47,NA,NA
1B03,2012,1,B,03,NA,573,1,SEDRICK MUHAMMAD,541,32,NA,NA
1B04,2012,1,B,04,NA,763,1,DEBORAH R. THOMAS,713,50,NA,NA
1B05,2012,1,B,05,NA,586,1,RICARDO A. REINOSO,566,20,NA,NA
1B06,2012,1,B,06,NA,655,1,DYANA FORESTER,628,27,NA,NA
1B07,2012,1,B,07,NA,419,1,JUAN E. LOPEZ,397,22,NA,NA
1B08,2012,1,B,08,NA,674,1,EMILY WASHINGTON,640,34,NA,NA
1B09,2012,1,B,09,NA,616,1,JAMES A. TURNER,555,61,NA,NA
1B10,2012,1,B,10,NA,324,1,TONY NORMAN,307,17,NA,NA
1B11,2012,1,B,11,NA,413,1,E. GAIL ANDERSON HOLNESS,404,9,NA,NA
1B12,2012,1,B,12,NA,906,4,ZAHRA JILANI,329,16,NA,NA
1C01,2012,1,C,01,NA,847,3,BRIAN HART,420,11,NA,NA
1C02,2012,1,C,02,NA,819,1,MARTIS "MARTY" DAVIS,761,58,NA,NA
1C03,2012,1,C,03,NA,795,2,TED GUTHRIE,511,25,NA,NA
1C04,2012,1,C,04,NA,900,1,GABRIELA MOSSI,879,21,NA,NA
1C05,2012,1,C,05,NA,750,1,ELHAM DEHBOZORGI,715,35,NA,NA
1C06,2012,1,C,06,NA,697,2,WILLIAM (BILLY) SIMPSON,494,20,NA,NA
1C07,2012,1,C,07,NA,684,1,WILSON REYNOLDS,647,37,NA,NA
1C08,2012,1,C,08,NA,736,1,JIMMY R. ROCK,708,28,NA,NA
1D01,2012,1,D,01,NA,845,2,YASMIN ROMERO-CASTILLO,466,11,NA,NA
1D02,2012,1,D,02,NA,489,1,ADAM HOEY,464,25,NA,NA
1D03,2012,1,D,03,NA,914,1,JACK MCKAY,856,58,NA,NA
1D04,2012,1,D,04,NA,493,1,PHIL GREINER,473,20,NA,NA
1D05,2012,1,D,05,NA,930,2,CHINA TERRELL,540,20,NA,NA
2A01,2012,2,A,01,NA,238,2,PATRICK KENNEDY,162,6,NA,NA
2A02,2012,2,A,02,NA,514,1,REBECCA CODER,505,9,NA,NA
2A03,2012,2,A,03,NA,463,1,ASHER CORSON,436,27,NA,NA
2A04,2012,2,A,04,NA,462,1,ARMANDO IRIZARRY,452,10,NA,NA
2A05,2012,2,A,05,NA,251,1,GRAHAM MICHAEL GALKA,243,8,NA,NA
2A06,2012,2,A,06,NA,397,1,FLORENCE HARMON,386,11,NA,NA
2A07,2012,2,A,07,NA,200,1,JACKSON CARNES,190,10,NA,NA
2A08,2012,2,A,08,NA,47,0,WRITE-IN,47,47,NA,NA
2B01,2012,2,B,01,NA,647,1,MIKE FELDSTEIN,631,16,NA,NA
2B02,2012,2,B,02,NA,519,1,KEVIN O'CONNOR,512,7,NA,NA
2B03,2012,2,B,03,NA,612,2,STEPHANIE MALTZ,483,16,NA,NA
2B04,2012,2,B,04,NA,909,3,KISHAN PUTTA,563,10,NA,NA
2B05,2012,2,B,05,NA,642,1,VICTOR WEXLER,530,112,NA,NA
2B06,2012,2,B,06,NA,601,1,MIKE SILVERSTEIN,586,15,NA,NA
2B07,2012,2,B,07,NA,787,1,LEO DWYER,735,52,NA,NA
2B08,2012,2,B,08,NA,816,1,WILL STEPHENS,798,18,NA,NA
2B09,2012,2,B,09,NA,771,1,NOAH SMITH,743,28,NA,NA
2C01,2012,2,C,01,NA,370,1,JOHN TINPE,357,13,NA,NA
2C02,2012,2,C,02,NA,510,1,HAROLD A. CLOSTER,499,11,NA,NA
2C03,2012,2,C,03,NA,530,1,KEVIN WILSEY,521,9,NA,NA
2D01,2012,2,D,01,NA,528,1,DAVID R. BENDER,513,15,NA,NA
2D02,2012,2,D,02,NA,460,1,ERIC LAMAR,447,13,NA,NA
2E01,2012,2,E,01,NA,563,1,ED SOLOMON,543,20,NA,NA
2E02,2012,2,E,02,NA,496,1,RON LEWIS,477,19,NA,NA
2E03,2012,2,E,03,NA,467,1,JEFFREY JONES,446,21,NA,NA
2E04,2012,2,E,04,NA,10,0,WRITE-IN,10,10,NA,NA
2E05,2012,2,E,05,NA,351,1,BILL STARRELS,335,16,NA,NA
2E06,2012,2,E,06,NA,660,1,TOM BIRCH,643,17,NA,NA
2E07,2012,2,E,07,NA,578,1,CHARLES F. EASON JR.,555,23,NA,NA
2E08,2012,2,E,08,NA,259,1,PETER PRINDIVILLE,243,16,NA,NA
2F01,2012,2,F,01,NA,742,1,PETER LALLAS,707,35,NA,NA
2F02,2012,2,F,02,NA,722,3,WALT CAIN,335,8,NA,NA
2F03,2012,2,F,03,NA,805,1,CHRIS LINN,776,29,NA,NA
2F04,2012,2,F,04,NA,692,2,JOHN FANNING,359,12,NA,NA
2F05,2012,2,F,05,NA,522,1,JIM LAMARE,506,16,NA,NA
2F06,2012,2,F,06,NA,697,1,GREG MELCHER,679,18,NA,NA
2F07,2012,2,F,07,NA,486,1,MATT RAYMOND,470,16,NA,NA
2F08,2012,2,F,08,NA,535,2,MATTHEW CONNOLLY,283,12,NA,NA
3B01,2012,3,B,01,NA,687,1,JOE FIORILLO,673,14,NA,NA
3B02,2012,3,B,02,NA,650,1,JACKIE BLUMENTHAL,622,28,NA,NA
3B03,2012,3,B,03,NA,687,1,CHARLES CINQUE FULWOOD,660,27,NA,NA
3B04,2012,3,B,04,NA,824,1,MARY C. YOUNG,801,23,NA,NA
3B05,2012,3,B,05,NA,733,1,BRIAN A. COHEN,692,41,NA,NA
3C01,2012,3,C,01,NA,804,1,LEE BRIAN REBA,781,23,NA,NA
3C02,2012,3,C,02,NA,751,2,GWENDOLYN BOLE,546,9,NA,NA
3C03,2012,3,C,03,NA,812,2,JEFFREY KALIEL,471,28,NA,NA
3C04,2012,3,C,04,NA,615,1,RICHARD STEACY,594,21,NA,NA
3C05,2012,3,C,05,NA,886,1,MARGARET A. SIEGEL,856,30,NA,NA
3C06,2012,3,C,06,NA,784,1,CARL ROLLER,757,27,NA,NA
3C07,2012,3,C,07,NA,676,1,VICTOR SILVEIRA,654,22,NA,NA
3C08,2012,3,C,08,NA,719,1,CATHERINE MAY,687,32,NA,NA
3C09,2012,3,C,09,NA,784,1,NANCY J. MACWOOD,755,29,NA,NA
3D01,2012,3,D,01,NA,957,2,KENT SLOWINSKI,531,7,NA,NA
3D02,2012,3,D,02,NA,448,1,TOM SMITH,429,19,NA,NA
3D03,2012,3,D,03,NA,643,1,NAN S. WELLS,619,24,NA,NA
3D04,2012,3,D,04,NA,757,1,STU ROSS,721,36,NA,NA
3D05,2012,3,D,05,NA,583,2,W. PHILIP THOMAS,355,50,NA,NA
3D06,2012,3,D,06,NA,193,0,WRITE-IN,193,193,NA,NA
3D07,2012,3,D,07,NA,54,0,WRITE-IN,54,54,NA,NA
3D08,2012,3,D,08,NA,505,1,MICHAEL GOLD,473,32,NA,NA
3D09,2012,3,D,09,NA,749,2,GAYLE TROTTER,686,12,NA,NA
3D10,2012,3,D,10,NA,253,2,JOE WISNIEWSKI,165,0,NA,NA
3E01,2012,3,E,01,NA,754,1,ELIZABETH S. HAILE,719,35,NA,NA
3E02,2012,3,E,02,NA,828,1,MATTHEW FRUMIN,804,24,NA,NA
3E03,2012,3,E,03,NA,729,1,JONATHAN BENDER,688,41,NA,NA
3E04,2012,3,E,04,NA,815,1,TOM QUINN,767,48,NA,NA
3E05,2012,3,E,05,NA,517,1,SAMUEL J. SEREBIN,474,43,NA,NA
3F01,2012,3,F,01,NA,621,1,ADAM SCOTT TOPE,604,17,NA,NA
3F02,2012,3,F,02,NA,686,1,KAREN LEE PERRY,665,21,NA,NA
3F03,2012,3,F,03,NA,782,1,MARY BETH RAY,746,36,NA,NA
3F04,2012,3,F,04,NA,550,2,SALLY W. GRESHAM,440,7,NA,NA
3F05,2012,3,F,05,NA,812,2,MANOLIS R. PRINIOTAKIS,581,5,NA,NA
3F06,2012,3,F,06,NA,696,1,DAVID SOLORZANO LOWELL,661,35,NA,NA
3F07,2012,3,F,07,NA,719,1,BOB SUMMERSGILL,703,16,NA,NA
3G01,2012,3,G,01,NA,916,1,CAROLYN "CALLIE" COOK,898,18,NA,NA
3G02,2012,3,G,02,NA,820,1,GARY THOMPSON,790,30,NA,NA
3G03,2012,3,G,03,NA,732,1,RANDY SPECK,702,30,NA,NA
3G04,2012,3,G,04,NA,857,1,ALLEN E. BEACH,824,33,NA,NA
3G05,2012,3,G,05,NA,860,1,DAVID ENGEL,822,38,NA,NA
3G06,2012,3,G,06,NA,696,1,JIM MCCARTHY,680,16,NA,NA
3G07,2012,3,G,07,NA,745,3,HENRY GRIFFIN,277,6,NA,NA
4A01,2012,4,A,01,NA,185,0,WRITE-IN,185,185,NA,NA
4A02,2012,4,A,02,NA,1139,1,DWAYNE M. TOLIVER,1113,26,NA,NA
4A03,2012,4,A,03,NA,688,1,STEPHEN A. "STEVE" WHATLEY,680,8,NA,NA
4A04,2012,4,A,04,NA,783,1,MARIAN C. BENNETT,763,20,NA,NA
4A05,2012,4,A,05,NA,62,0,WRITE-IN,62,62,NA,NA
4A06,2012,4,A,06,NA,426,1,KARRYE Y. BRAXTON,416,10,NA,NA
4A07,2012,4,A,07,NA,679,1,DAVE WILSON,663,16,NA,NA
4A08,2012,4,A,08,NA,1043,1,GALE BLACK,1018,25,NA,NA
4B01,2012,4,B,01,NA,979,2,SARA GREEN,766,10,NA,NA
4B02,2012,4,B,02,NA,868,1,FAITH E. WHEELER,835,33,NA,NA
4B03,2012,4,B,03,NA,986,1,FRED GRANT,964,22,NA,NA
4B04,2012,4,B,04,NA,1017,3,BRENDA DAWSON PARKS,601,20,NA,NA
4B05,2012,4,B,05,NA,689,1,BRENDA SPEAKS,666,23,NA,NA
4B06,2012,4,B,06,NA,934,1,RONALD (RON) AUSTIN,912,22,NA,NA
4B07,2012,4,B,07,NA,1048,2,JUDI JONES,651,18,NA,NA
4B08,2012,4,B,08,NA,991,1,YVONNE A. JEFFERSON,973,18,NA,NA
4B09,2012,4,B,09,NA,124,0,WRITE-IN,124,124,NA,NA
4C01,2012,4,C,01,NA,733,1,MICHAEL YATES,716,17,NA,NA
4C02,2012,4,C,02,NA,903,1,JANET M. MYERS,878,25,NA,NA
4C03,2012,4,C,03,NA,759,1,JEFF STANDISH,736,23,NA,NA
4C04,2012,4,C,04,NA,382,1,RICKEY WILLIAMS JR.,368,14,NA,NA
4C05,2012,4,C,05,NA,524,1,JOSEPH M. VAUGHAN,512,12,NA,NA
4C06,2012,4,C,06,NA,660,2,VANN-DI GALLOWAY,447,15,NA,NA
4C07,2012,4,C,07,NA,852,1,SHANEL O. ANTHONY,829,23,NA,NA
4C08,2012,4,C,08,NA,823,1,TIMOTHY A. JONES,795,28,NA,NA
4C09,2012,4,C,09,NA,832,2,ZACHARY HARTMAN,454,21,NA,NA
4C10,2012,4,C,10,NA,192,0,WRITE-IN,192,192,NA,NA
4D01,2012,4,D,01,NA,576,2,LAMONT AKINS,402,6,NA,NA
4D02,2012,4,D,02,NA,906,1,RENEE L. BOWSER,895,11,NA,NA
4D03,2012,4,D,03,NA,917,1,LISA COLBERT,907,10,NA,NA
4D04,2012,4,D,04,NA,733,1,DONNA BROCKINGTON,717,16,NA,NA
4D05,2012,4,D,05,NA,102,0,WRITE-IN,102,102,NA,NA
4D06,2012,4,D,06,NA,727,1,BILL QUIRK,698,29,NA,NA
5A01,2012,5,A,01,NA,1231,2,FRANK WILDS,627,9,NA,NA
5A02,2012,5,A,02,NA,970,1,MICHAEL WILLIAMS,948,22,NA,NA
5A03,2012,5,A,03,NA,1057,1,ADRIAN JORDAN,1028,29,NA,NA
5A04,2012,5,A,04,NA,4,0,WRITE-IN,4,4,NA,NA
5A05,2012,5,A,05,NA,402,2,RONNIE EDWARDS,218,4,NA,NA
5A06,2012,5,A,06,NA,823,2,ALBRETTE "GIGI" RANSOM,453,11,NA,NA
5A07,2012,5,A,07,NA,466,1,SANDRA "SANDI" WASHINGTON,453,13,NA,NA
5A08,2012,5,A,08,NA,932,1,ANGEL SHERRI ALSTON,908,24,NA,NA
5B01,2012,5,B,01,NA,1230,4,SHIRLEY RIVENS SMITH,378,13,NA,NA
5B02,2012,5,B,02,NA,953,1,URSULA HIGGINS,910,43,NA,NA
5B03,2012,5,B,03,NA,983,1,TIFFANY BRIDGE,927,56,NA,NA
5B04,2012,5,B,04,NA,957,3,CAROLYN C. STEPTOE,515,9,NA,NA
5B05,2012,5,B,05,NA,981,2,JENESE L. JONES,540,21,NA,NA
5C01,2012,5,C,01,NA,1034,2,ANTONETTE E. RUSSELL,675,28,NA,NA
5C02,2012,5,C,02,NA,845,2,KARLA BUTLER,568,12,NA,NA
5C03,2012,5,C,03,NA,1160,2,BOB KING,713,6,NA,NA
5C04,2012,5,C,04,NA,809,2,JACQUELINE MANNING,418,23,NA,NA
5C05,2012,5,C,05,NA,895,2,REGINA JAMES,567,15,NA,NA
5C06,2012,5,C,06,NA,705,2,MARJORIE D. THOMAS-BARNES,434,15,NA,NA
5C07,2012,5,C,07,NA,988,3,NOLAN TREADWAY,431,15,NA,NA
5D01,2012,5,D,01,NA,364,1,PETA-GAY S. LEWIS,328,36,NA,NA
5D02,2012,5,D,02,NA,736,1,VONETTA DUMAS,685,51,NA,NA
5D03,2012,5,D,03,NA,691,1,INDIA A. HENDERSON,657,34,NA,NA
5D04,2012,5,D,04,NA,477,1,BERNICE S BLACKNELL,456,21,NA,NA
5D05,2012,5,D,05,NA,721,3,KATHY HENDERSON,393,4,NA,NA
5D06,2012,5,D,06,NA,817,1,TINA LASKARIS,778,39,NA,NA
5D07,2012,5,D,07,NA,840,2,DAVID HOOPER,530,12,NA,NA
5E01,2012,5,E,01,NA,625,2,DEBBIE SMITH-STEINER,378,28,NA,NA
5E02,2012,5,E,02,NA,588,3,CHRISTY 'LOVE' DAVIS,360,8,NA,NA
5E03,2012,5,E,03,NA,845,1,TIM CLARK,813,32,NA,NA
5E04,2012,5,E,04,NA,990,2,SYLVIA M. PINKNEY,678,17,NA,NA
5E05,2012,5,E,05,NA,889,2,JOYCE ROBINSON-PAUL,459,25,NA,NA
5E06,2012,5,E,06,NA,908,3,TERI JANINE "TJ" QUINN,431,8,NA,NA
5E07,2012,5,E,07,NA,919,3,WANDA B. FOSTER,380,24,NA,NA
5E08,2012,5,E,08,NA,819,1,MARK MUELLER,784,35,NA,NA
5E09,2012,5,E,09,NA,931,3,C. DIANNE BARNES,365,16,NA,NA
5E10,2012,5,E,10,NA,946,2,ANGELA C. BLANKS,481,12,NA,NA
6A01,2012,6,A,01,NA,907,1,J. OMAR MAHMUD,842,65,NA,NA
6A02,2012,6,A,02,NA,943,2,GLORIA NAUDEN,469,13,NA,NA
6A03,2012,6,A,03,NA,978,1,DAVID HOLMES,952,26,NA,NA
6A04,2012,6,A,04,NA,996,1,NICK ALBERTI,905,91,NA,NA
6A05,2012,6,A,05,NA,970,1,JAY WILLIAMS,915,55,NA,NA
6A06,2012,6,A,06,NA,908,2,ANDREW J HYSELL,552,51,NA,NA
6A07,2012,6,A,07,NA,848,2,SONDRA PHILLIPS-GILBERT,463,6,NA,NA
6A08,2012,6,A,08,NA,952,2,CALVIN WARD,483,119,NA,NA
6B01,2012,6,B,01,NA,697,1,DAVE GARRISON,656,41,NA,NA
6B02,2012,6,B,02,NA,1011,2,IVAN FRISHBERG,624,10,NA,NA
6B03,2012,6,B,03,NA,1052,2,PHILIP PEISCH,675,17,NA,NA
6B04,2012,6,B,04,NA,823,1,KIRSTEN OLDENBURG,730,93,NA,NA
6B05,2012,6,B,05,NA,1132,2,BRIAN PATE,643,8,NA,NA
6B06,2012,6,B,06,NA,1148,3,NICHOLE OPKINS,638,15,NA,NA
6B07,2012,6,B,07,NA,759,1,SARA LOVELAND,727,32,NA,NA
6B08,2012,6,B,08,NA,878,1,CHANDER JAYARAMAN,822,56,NA,NA
6B09,2012,6,B,09,NA,1100,1,BRIAN FLAHAVEN,1072,28,NA,NA
6B10,2012,6,B,10,NA,966,1,FRANCIS M. CAMPBELL,931,35,NA,NA
6C01,2012,6,C,01,NA,698,1,DANIELE MEGAN SCHIFFMAN,677,21,NA,NA
6C02,2012,6,C,02,NA,494,1,KAREN J. WIRT,459,35,NA,NA
6C03,2012,6,C,03,NA,839,1,JOHN SCOTT PRICE,806,33,NA,NA
6C04,2012,6,C,04,NA,741,1,MARK ECKENWILER,707,34,NA,NA
6C05,2012,6,C,05,NA,800,1,MARK KAZMIERCZAK,755,45,NA,NA
6C06,2012,6,C,06,NA,1414,2,TONY T GOODMAN,763,12,NA,NA
6D01,2012,6,D,01,NA,970,1,DONNA L HOPKINS,937,33,NA,NA
6D02,2012,6,D,02,NA,1074,2,ED KAMINSKI,573,43,NA,NA
6D03,2012,6,D,03,NA,776,1,RON MCBEE,729,47,NA,NA
6D04,2012,6,D,04,NA,881,1,ANDY LITSKY,846,35,NA,NA
6D05,2012,6,D,05,NA,918,2,ROGER MOFFATT,545,10,NA,NA
6D06,2012,6,D,06,NA,839,1,RHONDA N. HAMILTON,807,32,NA,NA
6D07,2012,6,D,07,NA,854,1,DAVID GARBER,808,46,NA,NA
6E01,2012,6,E,01,NA,803,2,ALEXANDER M. "ALEX" PADRO,525,10,NA,NA
6E02,2012,6,E,02,NA,951,4,KEVIN L CHAPPLE,330,7,NA,NA
6E03,2012,6,E,03,NA,758,2,FRANK S. WIGGINS,461,16,NA,NA
6E04,2012,6,E,04,NA,1134,2,RACHELLE P. NIGRO,681,26,NA,NA
6E05,2012,6,E,05,NA,728,2,MARGE MACEDA,370,10,NA,NA
6E06,2012,6,E,06,NA,560,1,MARK DIXON,546,14,NA,NA
6E07,2012,6,E,07,NA,550,2,ALFREDA S. JUDD,287,11,NA,NA
7B01,2012,7,B,01,NA,801,1,PATRICIA HOWARD-CHITTAMS,780,21,NA,NA
7B02,2012,7,B,02,NA,898,1,ZINA D. WILLIAMS,882,16,NA,NA
7B03,2012,7,B,03,NA,109,0,WRITE-IN,109,109,NA,NA
7B04,2012,7,B,04,NA,1204,1,PHILLIP J. HAMMOND,1172,32,NA,NA
7B05,2012,7,B,05,NA,837,1,ROBIN HAMMOND MARLIN,820,17,NA,NA
7B06,2012,7,B,06,NA,1058,1,ROBERT A. JORDAN,1027,31,NA,NA
7B07,2012,7,B,07,NA,1080,1,ROBERT T. (BOB) RICHARDS,1055,25,NA,NA
7C01,2012,7,C,01,NA,639,1,PATRICIA A. MALLOY,628,11,NA,NA
7C02,2012,7,C,02,NA,733,1,GREGORI STEWART,722,11,NA,NA
7C03,2012,7,C,03,NA,816,1,CATHERINE A. WOODS,800,16,NA,NA
7C04,2012,7,C,04,NA,807,1,WALTER J. GARCIA II,790,17,NA,NA
7C05,2012,7,C,05,NA,778,1,MARY L. GAFFNEY,752,26,NA,NA
7C06,2012,7,C,06,NA,735,1,SHERRIE LAWSON,724,11,NA,NA
7C07,2012,7,C,07,NA,862,4,ANTAWAN HOLMES,445,5,NA,NA
7D01,2012,7,D,01,NA,986,2,LISA WHITE,672,4,NA,NA
7D02,2012,7,D,02,NA,97,0,WRITE-IN,97,97,NA,NA
7D03,2012,7,D,03,NA,631,1,DONNA R. MUHAMMAD,619,12,NA,NA
7D04,2012,7,D,04,NA,1079,1,JO-ANNE PRUE,1054,25,NA,NA
7D05,2012,7,D,05,NA,819,3,JANIS D. HAZEL,337,20,NA,NA
7D06,2012,7,D,06,NA,888,2,ERICKA S. BLACK,649,5,NA,NA
7D07,2012,7,D,07,NA,783,1,WILLIE WOODS JR.,772,11,NA,NA
7E01,2012,7,E,01,NA,959,1,GEORGE B. BROWNE JR,916,43,NA,NA
7E02,2012,7,E,02,NA,1026,2,LINDA S. GREEN,562,15,NA,NA
7E03,2012,7,E,03,NA,672,2,ROSA A. HAMLETT,464,22,NA,NA
7E04,2012,7,E,04,NA,773,2,MARY D. JACKSON,481,15,NA,NA
7E05,2012,7,E,05,NA,596,1,JEAN M. MCVEA,571,25,NA,NA
7E06,2012,7,E,06,NA,137,0,WRITE-IN,137,137,NA,NA
7E07,2012,7,E,07,NA,825,2,WENDELL FELDER,476,25,NA,NA
7F01,2012,7,F,01,NA,807,1,EVIE L. WASHINGTON,789,18,NA,NA
7F02,2012,7,F,02,NA,993,1,EBONI-ROSE THOMPSON,962,31,NA,NA
7F03,2012,7,F,03,NA,657,1,SHEILA M CARSON CARR,641,16,NA,NA
7F04,2012,7,F,04,NA,612,1,CHARLENE EXUM,601,11,NA,NA
7F05,2012,7,F,05,NA,650,2,KAREN SETTLES,448,3,NA,NA
7F06,2012,7,F,06,NA,64,0,WRITE-IN,64,64,NA,NA
7F07,2012,7,F,07,NA,6,0,WRITE-IN,6,6,NA,NA
8A01,2012,8,A,01,NA,971,1,HOLLY MUHAMMAD,935,36,NA,NA
8A02,2012,8,A,02,NA,1046,2,BARBARA J. CLARK,799,47,NA,NA
8A03,2012,8,A,03,NA,886,1,L. YVONNE (L.Y.) MOORE,834,52,NA,NA
8A04,2012,8,A,04,NA,518,1,MOSES SMITH,479,39,NA,NA
8A05,2012,8,A,05,NA,847,2,CHARLES E. WILSON,539,11,NA,NA
8A06,2012,8,A,06,NA,1013,3,KENDALL J. GRAHAM,441,19,NA,NA
8A07,2012,8,A,07,NA,834,1,NATALIE WILLIAMS,806,28,NA,NA
8B01,2012,8,B,01,NA,749,1,KHADIJAH WATSON,741,8,NA,NA
8B02,2012,8,B,02,NA,71,0,WRITE-IN,71,71,NA,NA
8B03,2012,8,B,03,NA,819,1,CHARLES H. WILSON,783,36,NA,NA
8B04,2012,8,B,04,NA,713,2,ANTHONY LORENZO,492,12,NA,NA
8B05,2012,8,B,05,NA,480,1,BETTY SCIPPIO,465,15,NA,NA
8B06,2012,8,B,06,NA,505,1,MITCHELL G. HAWKINS III,490,15,NA,NA
8B07,2012,8,B,07,NA,428,1,LOUISE THORNE,406,22,NA,NA
8C01,2012,8,C,01,NA,61,0,WRITE-IN,61,61,NA,NA
8C02,2012,8,C,02,NA,699,3,ALICIA FREMLING,282,12,NA,NA
8C03,2012,8,C,03,NA,805,2,MARY J. CUTHBERT,535,7,NA,NA
8C04,2012,8,C,04,NA,77,0,WRITE-IN,77,77,NA,NA
8C05,2012,8,C,05,NA,361,1,LLOYD T. LOGAN,351,10,NA,NA
8C06,2012,8,C,06,NA,68,0,WRITE-IN,68,68,NA,NA
8C07,2012,8,C,07,NA,723,1,PHO PALMER,704,19,NA,NA
8D01,2012,8,D,01,NA,720,1,PATRICIA PAT CARMON,696,24,NA,NA
8D02,2012,8,D,02,NA,735,1,OLIVIA L. HENDERSON,716,19,NA,NA
8D03,2012,8,D,03,NA,570,1,ABSALOM "AB" JORDAN,555,15,NA,NA
8D04,2012,8,D,04,NA,483,1,M. JAY LEE,475,8,NA,NA
8D05,2012,8,D,05,NA,71,0,WRITE-IN,71,71,NA,NA
8D06,2012,8,D,06,NA,840,1,THEA DYSON,818,22,NA,NA
8D07,2012,8,D,07,NA,463,1,THERESA H. JONES,451,12,NA,NA
8E01,2012,8,E,01,NA,88,0,WRITE-IN,88,88,NA,NA
8E02,2012,8,E,02,NA,705,1,ANTHONY MUHAMMAD,686,19,NA,NA
8E03,2012,8,E,03,NA,35,0,WRITE-IN,35,35,NA,NA
8E04,2012,8,E,04,NA,117,0,WRITE-IN,117,117,NA,NA
8E05,2012,8,E,05,NA,64,0,WRITE-IN,64,64,NA,NA
8E06,2012,8,E,06,NA,624,1,KARLENE (K.) ARMSTEAD,604,20,NA,NA
8E07,2012,8,E,07,NA,850,1,SANDRA (SV) WILLIAMS,817,33,NA,NA
1A01,2014,1,A,01,333,239,2,MARVIN L. JOHNSON,168,5,0,94
1A02,2014,1,A,02,616,422,1,JOSUE SALMERON,399,23,0,194
1A03,2014,1,A,03,413,51,1,WRITE-IN,51,51,0,362
1A04,2014,1,A,04,576,386,2,MATTHEW GOLDSCHMIDT,254,8,0,190
1A05,2014,1,A,05,395,82,1,WRITE-IN,82,82,0,313
1A06,2014,1,A,06,554,423,1,PATRICK W. FLYNN,406,17,0,131
1A07,2014,1,A,07,647,457,1,DARWAIN FROST,426,31,1,189
1A08,2014,1,A,08,794,601,1,KENT BOESE,586,15,0,193
1A09,2014,1,A,09,443,363,2,BOBBY HOLMES,209,6,0,80
1A10,2014,1,A,10,604,505,1,RASHIDA BROWN,481,24,0,99
1A11,2014,1,A,11,492,333,1,DOTTI LOVE WADE,307,26,0,159
1A12,2014,1,A,12,459,308,2,MARGARET HUNDLEY,186,5,0,151
1B01,2014,1,B,01,696,544,1,BRIAN FOOTER,520,24,0,152
1B02,2014,1,B,02,872,598,2,ELLEN NEDROW SULLIVAN,384,25,0,274
1B03,2014,1,B,03,568,425,2,SEDRICK MUHAMMAD,221,6,0,143
1B04,2014,1,B,04,764,538,1,KEVIN CAIN,511,27,0,226
1B05,2014,1,B,05,618,422,1,NICOLAS FERREYROS,404,18,0,196
1B06,2014,1,B,06,582,419,2,DYANA NM FORESTER,204,12,0,163
1B07,2014,1,B,07,303,247,2,JESSICA LAURA SMITH,141,4,0,56
1B08,2014,1,B,08,577,374,1,MARK RANSLEM,350,24,0,203
1B09,2014,1,B,09,580,442,1,JAMES A. TURNER,412,30,0,138
1B10,2014,1,B,10,148,115,2,ALLYSON N. CARPENTER,79,3,0,33
1B11,2014,1,B,11,313,225,1,ROBB HUDSON,209,16,0,88
1B12,2014,1,B,12,815,657,2,JOHN C. GREEN,393,7,0,158
1C01,2014,1,C,01,812,554,1,SAMANTHA P. HICKS,533,21,0,258
1C02,2014,1,C,02,867,609,1,HECTOR HUEZO,595,14,0,258
1C03,2014,1,C,03,791,549,1,TED GUTHRIE,526,23,0,242
1C04,2014,1,C,04,793,608,1,GABRIELA MOSSI,594,14,0,185
1C05,2014,1,C,05,646,422,1,ALAN GAMBRELL,397,25,0,224
1C06,2014,1,C,06,666,457,1,WILLIAM (BILLY) SIMPSON,437,20,0,209
1C07,2014,1,C,07,632,476,1,WILSON REYNOLDS,444,32,0,156
1C08,2014,1,C,08,701,154,1,WRITE-IN,154,154,0,547
1D01,2014,1,D,01,839,601,1,FRANKO FRANK O. AGBRO,555,46,0,238
1D02,2014,1,D,02,403,279,1,ADAM HOEY,259,20,0,124
1D03,2014,1,D,03,902,729,1,JACK McKAY,675,54,0,173
1D04,2014,1,D,04,548,381,1,ROSA RIVAS,353,28,0,167
1D05,2014,1,D,05,854,586,2,ARTURO GRIFFITHS,291,25,0,268
2A01,2014,2,A,01,106,90,1,PATRICK KENNEDY,83,7,0,16
2A02,2014,2,A,02,447,332,1,REBECCA CODER,321,11,0,115
2A03,2014,2,A,03,374,89,1,WRITE-IN,89,89,0,285
2A04,2014,2,A,04,519,455,2,WILLIAM K. SMITH,257,2,0,64
2A05,2014,2,A,05,190,138,2,PHILIP J. SCHREFER,87,4,0,52
2A06,2014,2,A,06,285,191,1,FLORENCE E. HARMON,185,6,0,94
2A07,2014,2,A,07,128,104,1,JACKSON CARNES,95,9,0,24
2A08,2014,2,A,08,86,27,1,WRITE-IN,27,27,0,59
2B01,2014,2,B,01,635,462,1,MIKE FELDSTEIN,431,31,0,173
2B02,2014,2,B,02,414,302,2,DANIEL WARWICK,182,5,0,112
2B03,2014,2,B,03,599,424,1,STEPHANIE MALTZ,403,21,0,175
2B04,2014,2,B,04,802,543,1,MICHAEL UPRIGHT,515,28,0,259
2B05,2014,2,B,05,613,464,2,ABIGAIL C. NICHOLS,233,2,0,149
2B06,2014,2,B,06,548,399,1,MIKE SILVERSTEIN,387,12,0,149
2B07,2014,2,B,07,688,486,1,JUSTINE UNDERHILL,462,24,1,201
2B08,2014,2,B,08,729,514,2,NICOLE MANN,297,10,0,215
2B09,2014,2,B,09,771,652,2,NOAH SMITH,429,6,1,118
2C01,2014,2,C,01,428,290,1,JOHN TINPE,276,14,0,138
2C02,2014,2,C,02,389,278,1,HAROLD A. CLOSTER,251,27,0,111
2C03,2014,2,C,03,470,351,2,JEFFREY HIGGINS,249,3,0,119
2D01,2014,2,D,01,492,361,1,DAVID R. BENDER,320,41,0,131
2D02,2014,2,D,02,487,207,1,WRITE-IN,207,207,0,280
2E01,2014,2,E,01,440,347,1,ED SOLOMON,329,18,0,93
2E02,2014,2,E,02,467,361,1,RON LEWIS,339,22,0,106
2E03,2014,2,E,03,417,295,1,JEFFREY L. JONES,273,22,0,122
2E04,2014,2,E,04,22,8,1,WRITE-IN,8,8,0,14
2E05,2014,2,E,05,253,182,1,BILL STARRELS,167,15,0,71
2E06,2014,2,E,06,599,461,1,TOM BIRCH,440,21,0,138
2E07,2014,2,E,07,589,467,2,MONICA L. ROACHE,303,8,1,121
2E08,2014,2,E,08,52,20,1,WRITE-IN,20,20,0,32
2F01,2014,2,F,01,712,504,1,KATHERINE GORDON,487,17,0,208
2F02,2014,2,F,02,662,455,1,KARIN BERRY,444,11,0,207
2F03,2014,2,F,03,684,101,1,WRITE-IN,101,101,0,583
2F04,2014,2,F,04,675,488,1,JOHN FANNING,473,15,0,187
2F05,2014,2,F,05,453,312,1,JIM LAMARE,295,17,2,139
2F06,2014,2,F,06,591,511,2,CHARLIE BENGEL,305,2,0,80
2F07,2014,2,F,07,401,79,1,WRITE-IN,79,79,0,322
2F08,2014,2,F,08,369,275,1,KEVIN DEELEY,256,19,0,94
3B01,2014,3,B,01,589,495,2,ANN LANE MLADINOV,279,7,0,94
3B02,2014,3,B,02,462,355,1,JACKIE BLUMENTHAL,337,18,0,107
3B03,2014,3,B,03,567,435,1,ABIGAIL ZENNER,408,27,0,132
3B04,2014,3,B,04,972,639,1,MARY C. YOUNG,621,18,0,333
3B05,2014,3,B,05,574,470,2,BRIAN TURMAIL,299,10,0,104
3C01,2014,3,C,01,663,476,1,LEE BRIAN REBA,445,31,1,186
3C02,2014,3,C,02,656,469,1,GWENDOLYN BOLE,454,15,0,187
3C03,2014,3,C,03,781,567,1,DAVID S. VALDEZ,556,11,0,214
3C04,2014,3,C,04,557,130,1,WRITE-IN,130,130,0,427
3C05,2014,3,C,05,953,679,1,MARGARET A. SIEGEL,649,30,0,274
3C06,2014,3,C,06,603,468,1,CARL ROLLER,457,11,0,135
3C07,2014,3,C,07,621,452,1,VICTOR SILVEIRA,429,23,0,169
3C08,2014,3,C,08,708,522,1,CATHERINE MAY,511,11,1,185
3C09,2014,3,C,09,765,584,1,NANCY J. MacWOOD,540,44,0,181
3D01,2014,3,D,01,777,696,2,WILLIAM SPENCE SPENCER,355,13,0,81
3D02,2014,3,D,02,376,283,1,THOMAS "TOM" SMITH,272,11,0,93
3D03,2014,3,D,03,679,508,1,NAN S. WELLS,494,14,0,171
3D04,2014,3,D,04,710,568,1,STU ROSS,548,20,0,142
3D05,2014,3,D,05,682,533,3,ALMA H. GATES,342,16,0,149
3D06,2014,3,D,06,483,352,1,STEPHEN GARDNER,327,25,0,131
3D07,2014,3,D,07,39,11,1,WRITE-IN,11,11,0,28
3D08,2014,3,D,08,523,374,1,MIKE N. GOLD,351,23,0,149
3D09,2014,3,D,09,602,392,1,CONRAD J. DeWITTE JR.,378,14,0,210
3D10,2014,3,D,10,172,123,1,SILVIA LUCERO,115,8,0,49
3E01,2014,3,E,01,921,637,2,ANNE WALLACE,397,31,1,283
3E02,2014,3,E,02,835,619,1,AMY B. HALL,596,23,0,216
3E03,2014,3,E,03,776,573,1,JONATHAN BENDER,537,36,0,203
3E04,2014,3,E,04,834,688,2,TOM QUINN,415,7,0,146
3E05,2014,3,E,05,655,520,3,JONATHAN McHUGH,313,11,1,134
3F01,2014,3,F,01,759,506,1,ADAM SCOTT TOPE,493,13,0,253
3F02,2014,3,F,02,755,557,2,KAREN PERRY,317,14,1,197
3F03,2014,3,F,03,767,563,1,MARY BETH RAY,531,32,0,204
3F04,2014,3,F,04,498,365,1,SALLY W. GRESHAM,353,12,0,133
3F05,2014,3,F,05,692,79,1,WRITE-IN,79,79,0,613
3F06,2014,3,F,06,803,555,1,MALACHY NUGENT,534,21,0,248
3F07,2014,3,F,07,677,179,1,WRITE-IN,179,179,0,498
3G01,2014,3,G,01,961,848,2,CAROLYN "CALLIE" COOK,533,6,0,113
3G02,2014,3,G,02,924,615,1,CHANDA TUCK GARFIELD,573,42,0,309
3G03,2014,3,G,03,982,667,1,RANDY SPECK,638,29,0,315
3G04,2014,3,G,04,960,720,1,REBECCA MAYDAK,684,36,0,240
3G05,2014,3,G,05,898,677,1,PETER SHAPIRO,649,28,0,221
3G06,2014,3,G,06,747,503,2,DAN BRADFIELD,288,3,1,243
3G07,2014,3,G,07,799,579,1,CHRIS FROMBOLUTI,558,21,0,220
4A01,2014,4,A,01,967,805,2,ACQUNETTA ANDERSON,419,19,0,162
4A02,2014,4,A,02,1068,915,1,DWAYNE M. TOLIVER,884,31,0,153
4A03,2014,4,A,03,579,459,1,STEPHEN A. "STEVE" WHATLEY,446,13,0,120
4A04,2014,4,A,04,679,535,1,PATIENCE R. SINGLETON,522,13,0,144
4A05,2014,4,A,05,337,249,1,KIMBERLY A. WORTHY,247,2,0,88
4A06,2014,4,A,06,327,246,1,KARRYE Y. BRAXTON,237,9,0,81
4A07,2014,4,A,07,627,474,1,DAVE WILSON,452,22,0,153
4A08,2014,4,A,08,1028,815,1,GALE BLACK,779,36,0,213
4B01,2014,4,B,01,866,676,2,ANDRE R. CARLEY,493,25,1,189
4B02,2014,4,B,02,751,615,2,FRANK JONES III,373,12,0,136
4B03,2014,4,B,03,792,629,1,FRED GRANT,607,22,0,163
4B04,2014,4,B,04,796,657,1,BRENDA PARKS,633,24,0,139
4B05,2014,4,B,05,531,468,2,BRENDA SPEAKS,344,6,0,63
4B06,2014,4,B,06,828,665,1,RONALD (RON) AUSTIN,624,41,0,163
4B07,2014,4,B,07,993,786,1,JUDI JONES,740,46,0,207
4B08,2014,4,B,08,830,657,1,CAMILLE A. STEWART,630,27,0,173
4B09,2014,4,B,09,809,723,2,DOUGLASS SLOAN,369,9,0,86
4C01,2014,4,C,01,586,449,1,T. A. UQDAH,436,13,0,137
4C02,2014,4,C,02,854,650,1,JOSEPH MALONEY,619,31,0,204
4C03,2014,4,C,03,645,499,1,JEFF STANDISH,477,22,0,146
4C04,2014,4,C,04,378,312,3,RICKEY WILLIAMS JR.,128,1,1,65
4C05,2014,4,C,05,455,301,1,ZACH TEUTSCH,285,16,0,154
4C06,2014,4,C,06,688,507,1,VANN-DI M. GALLOWAY,479,28,0,181
4C07,2014,4,C,07,723,547,2,JOHN-PAUL C. HAYWORTH,279,18,0,176
4C08,2014,4,C,08,756,634,2,TIMOTHY A. JONES,345,14,0,122
4C09,2014,4,C,09,637,519,2,JOSEPH MARTIN,375,17,0,118
4C10,2014,4,C,10,723,610,2,KATHLEEN M. CROWLEY,313,22,0,113
4D01,2014,4,D,01,431,305,2,NANCY E. ROTH,170,19,1,125
4D02,2014,4,D,02,645,551,1,RENEE L. BOWSER,538,13,0,94
4D03,2014,4,D,03,756,585,1,LISA COLBERT,552,33,0,171
4D04,2014,4,D,04,594,502,2,DAVID SHEON,254,5,2,90
4D05,2014,4,D,05,501,396,2,KRYSTAL BRANTON,303,9,0,105
4D06,2014,4,D,06,651,519,1,BILL QUIRK,484,35,1,131
5A01,2014,5,A,01,862,730,1,FRANK WILDS,719,11,0,132
5A02,2014,5,A,02,808,658,1,GRACE J. LEWIS,639,19,1,149
5A03,2014,5,A,03,866,693,1,ADRIAN T. JORDAN,659,34,0,173
5A04,2014,5,A,04,28,2,1,WRITE-IN,2,2,0,26
5A05,2014,5,A,05,301,233,1,RONNIE EDWARDS,226,7,0,68
5A06,2014,5,A,06,556,429,1,JASMINE N. WHITE,410,19,0,127
5A07,2014,5,A,07,347,262,1,SANDI WASHINGTON,255,7,0,85
5A08,2014,5,A,08,747,617,1,ANGEL SHERRI ALSTON,589,28,0,130
5B01,2014,5,B,01,952,844,2,GAYLE HALL-CARLEY,499,12,0,108
5B02,2014,5,B,02,911,693,1,URSULA HIGGINS,618,75,0,218
5B03,2014,5,B,03,895,716,1,MICHAEL IAN MORRISON,679,37,0,179
5B04,2014,5,B,04,735,637,2,JOSE (JOE) L. BARRIOS JR.,420,11,0,98
5B05,2014,5,B,05,809,265,1,WRITE-IN,265,265,0,544
5C01,2014,5,C,01,716,594,2,GAIL BREVARD,433,17,0,122
5C02,2014,5,C,02,593,458,1,WALTER DELEON,423,35,0,135
5C03,2014,5,C,03,845,775,2,ROBERT LOOPER III,436,2,0,70
5C04,2014,5,C,04,675,514,2,JACQUELINE MANNING,344,16,0,161
5C05,2014,5,C,05,529,464,2,REGINA JAMES,336,14,1,64
5C06,2014,5,C,06,458,402,2,MONIQUE C. SMITH,242,12,0,56
5C07,2014,5,C,07,746,596,1,NOLAN TREADWAY,569,27,0,150
5D01,2014,5,D,01,212,147,1,PETA-GAY S. LEWIS,137,10,0,65
5D02,2014,5,D,02,467,398,3,KEISHA L. SHROPSHIRE,169,8,1,68
5D03,2014,5,D,03,485,382,2,ADAM ROBERTS,192,18,2,101
5D04,2014,5,D,04,252,183,1,BERNICE S. BLACKNELL,173,10,1,68
5D05,2014,5,D,05,346,288,2,KATHY HENDERSON,165,6,1,57
5D06,2014,5,D,06,667,520,3,H. YVONNE BUGGS,206,15,0,147
5D07,2014,5,D,07,512,103,1,WRITE-IN,103,103,0,409
5E01,2014,5,E,01,551,453,2,DEBORAH "DEBBIE SMITH" STEINER,233,16,0,98
5E02,2014,5,E,02,303,225,1,CHRISTY "LOVE" DAVIS,213,12,0,78
5E03,2014,5,E,03,827,635,3,RENEE T. LEWIS,293,26,0,192
5E04,2014,5,E,04,719,642,2,SYLVIA M. PINKNEY,348,5,0,77
5E05,2014,5,E,05,725,583,3,BRADLEY ASHTON THOMAS,327,12,0,142
5E06,2014,5,E,06,644,498,1,TERI JANINE TJ QUINN,472,26,0,146
5E07,2014,5,E,07,847,657,2,BERTHA HOLLIDAY,323,12,1,189
5E08,2014,5,E,08,730,594,1,AUSTIN L. PEARL,574,20,1,135
5E09,2014,5,E,09,604,534,2,C. DIANNE BARNES,278,9,2,68
5E10,2014,5,E,10,714,640,2,SALLY HOBAUGH,314,28,2,72
6A01,2014,6,A,01,818,655,3,J. OMAR MAHMUD,255,11,1,162
6A02,2014,6,A,02,872,637,1,PHIL TOOMAJIAN,607,30,0,235
6A03,2014,6,A,03,938,278,1,WRITE-IN,278,278,0,660
6A04,2014,6,A,04,908,852,2,MATT LEVY,538,2,1,55
6A05,2014,6,A,05,976,735,2,PATRICK M. MALONE,467,30,0,241
6A06,2014,6,A,06,812,665,2,STEPHANIE ZIMNY,367,18,0,147
6A07,2014,6,A,07,468,375,1,SONDRA PHILLIPS-GILBERT,358,17,1,92
6A08,2014,6,A,08,741,588,1,CALVIN WARD,534,54,0,153
6B01,2014,6,B,01,736,519,1,JENNIFER E. SAMOLYK,498,21,0,217
6B02,2014,6,B,02,951,807,2,K. DIANE HOSKINS,457,7,0,144
6B03,2014,6,B,03,871,610,3,JAMES M. LOOTS,242,17,1,260
6B04,2014,6,B,04,739,590,1,KIRSTEN OLDENBURG,549,41,1,148
6B05,2014,6,B,05,969,850,3,STEVE HAGEDORN,439,13,0,119
6B06,2014,6,B,06,906,664,2,NICK BURGER,379,15,1,241
6B07,2014,6,B,07,501,370,1,DANIEL CHAO,355,15,0,131
6B08,2014,6,B,08,979,701,1,CHANDER JAYARAMAN,667,34,0,278
6B09,2014,6,B,09,876,755,1,BRIAN FLAHAVEN,737,18,0,121
6B10,2014,6,B,10,807,664,2,KATHRYN DENISE RUCKER KREPP,382,7,0,143
6C01,2014,6,C,01,716,502,1,DANIELE MEGAN SCHIFFMAN,472,30,0,214
6C02,2014,6,C,02,468,315,1,KAREN J. WIRT,306,9,1,152
6C03,2014,6,C,03,951,709,1,SCOTT PRICE,680,29,0,242
6C04,2014,6,C,04,728,535,1,MARK ECKENWILER,506,29,0,193
6C05,2014,6,C,05,837,646,2,CHRIS MILLER,349,16,1,190
6C06,2014,6,C,06,1196,973,1,TONY T. GOODMAN,942,31,1,222
6D01,2014,6,D,01,908,692,1,MARJORIE LIGHTMAN,664,28,0,216
6D02,2014,6,D,02,795,605,1,STACY BRAVERMAN CLOYD,582,23,2,188
6D03,2014,6,D,03,629,478,1,RACHEL REILLY CARROLL,465,13,0,151
6D04,2014,6,D,04,850,689,1,ANDY LITSKY,662,27,0,161
6D05,2014,6,D,05,857,677,1,ROGER MOFFATT,649,28,0,180
6D06,2014,6,D,06,643,505,1,RHONDA NATALIE HAMILTON,486,19,0,138
6D07,2014,6,D,07,939,820,3,MEREDITH FASCETT,553,4,0,119
6E01,2014,6,E,01,735,602,2,ALEXANDER M. "ALEX" PADRO,372,7,0,133
6E02,2014,6,E,02,812,684,3,KEVIN CHAPPLE,326,6,1,127
6E03,2014,6,E,03,543,481,2,FRANK S. WIGGINS,338,11,1,61
6E04,2014,6,E,04,888,786,2,RACHELLE P. NIGRO,507,12,0,102
6E05,2014,6,E,05,627,457,1,MARGE MACEDA,435,22,1,169
6E06,2014,6,E,06,311,249,2,ANTONIO D. BARNES,183,5,1,61
6E07,2014,6,E,07,482,331,2,ALFREDA S. JUDD,185,14,1,150
7B01,2014,7,B,01,525,362,1,PATRICIA HOWARD-CHITTAMS,348,14,0,163
7B02,2014,7,B,02,632,503,1,TIFFANY L. BROWN,478,25,0,129
7B03,2014,7,B,03,514,402,1,GARY E. BUTLER,380,22,0,112
7B04,2014,7,B,04,1034,883,1,PHILLIP J. HAMMOND,836,47,0,151
7B05,2014,7,B,05,636,543,1,ROBIN HAMMOND MARLIN,436,107,0,93
7B06,2014,7,B,06,840,707,2,DONOVAN ANDERSON,343,23,0,133
7B07,2014,7,B,07,917,767,2,MARCUS TURNER,476,28,0,150
7C01,2014,7,C,01,403,300,2,PATRICIA MALLOY,200,10,0,103
7C02,2014,7,C,02,478,345,1,GREGORI STEWART,323,22,0,133
7C03,2014,7,C,03,504,444,2,CATHERINE A. WOODS,300,5,0,60
7C04,2014,7,C,04,476,342,1,WALTER J. GARCIA II,319,23,0,134
7C05,2014,7,C,05,473,403,2,MARY L. GAFFNEY,252,6,0,70
7C06,2014,7,C,06,428,352,1,JENNIFER K. COSBY,337,15,0,76
7C07,2014,7,C,07,480,422,2,ANTAWAN HOLMES,259,16,0,58
7D01,2014,7,D,01,631,508,1,BOB COOMBER,481,27,0,123
7D02,2014,7,D,02,678,257,1,WRITE-IN,257,257,0,421
7D03,2014,7,D,03,211,146,2,DOROTHY DOUGLAS,85,8,0,65
7D04,2014,7,D,04,761,684,2,CLAUDE B. McKAY,362,4,0,77
7D05,2014,7,D,05,526,419,1,JANIS D. HAZEL,403,16,0,107
7D06,2014,7,D,06,515,380,1,SHERICE A. MUHAMMAD,374,6,1,134
7D07,2014,7,D,07,401,314,1,JUSTIN A. LINI,289,25,0,87
7E01,2014,7,E,01,638,508,1,GEORGE B. BROWNE JR.,467,41,0,130
7E02,2014,7,E,02,669,536,1,LINDA S. GREEN,484,52,0,133
7E03,2014,7,E,03,388,253,1,ROSA A. HAMLETT,234,19,0,135
7E04,2014,7,E,04,489,415,2,MYRON SMITH,205,6,0,74
7E05,2014,7,E,05,383,325,3,ROCHELLE AC BENT,135,14,0,58
7E06,2014,7,E,06,444,362,2,MAXINE NIGHTINGALE,242,21,0,82
7E07,2014,7,E,07,466,375,1,LINDA HOLMES,333,42,0,91
7F01,2014,7,F,01,515,417,3,EDWARD RHODES,143,4,0,98
7F02,2014,7,F,02,639,504,1,EBONI-ROSE THOMPSON,470,34,0,135
7F03,2014,7,F,03,366,284,1,SHEILA M. CARSON CARR,273,11,0,82
7F04,2014,7,F,04,217,179,2,YOLANDA "YO YO" ARMSTRONG,106,5,0,38
7F05,2014,7,F,05,365,320,2,KAREN SETTLES,221,5,0,45
7F06,2014,7,F,06,517,51,1,WRITE-IN,51,51,0,466
7F07,2014,7,F,07,34,3,1,WRITE-IN,3,3,0,31
8A01,2014,8,A,01,633,555,2,HOLLY MUHAMMAD,325,9,0,78
8A02,2014,8,A,02,649,510,1,BARBARA J. CLARK,479,31,0,139
8A03,2014,8,A,03,542,437,1,CYNTHIA W. SIMMS,412,25,0,105
8A04,2014,8,A,04,249,184,1,TROY DONTE PRESTWOOD,127,57,0,65
8A05,2014,8,A,05,447,347,2,CHARLES E. WILSON,217,19,0,100
8A06,2014,8,A,06,546,454,2,TINA L. FLETCHER,224,11,0,92
8A07,2014,8,A,07,448,364,1,NATALIE WILLIAMS,340,24,0,84
8B01,2014,8,B,01,481,381,1,KHADIJAH WATSON,345,36,0,100
8B02,2014,8,B,02,322,250,2,PAUL TRANTHAM,127,22,0,72
8B03,2014,8,B,03,472,341,1,KEVIN VAUGHAN,303,38,0,131
8B04,2014,8,B,04,229,182,1,ANTHONY LORENZO GREEN,172,10,0,47
8B05,2014,8,B,05,374,287,1,BETTY SCIPPIO,268,19,0,87
8B06,2014,8,B,06,303,55,1,WRITE-IN,55,55,0,248
8B07,2014,8,B,07,244,52,1,WRITE-IN,52,52,0,192
8C01,2014,8,C,01,325,248,1,JEFFREY McCOY,228,20,0,77
8C02,2014,8,C,02,339,254,1,(TERRY) TERESA STITH,240,14,0,85
8C03,2014,8,C,03,507,347,1,MARY J. CUTHBERT,318,29,0,160
8C04,2014,8,C,04,489,375,2,MARKUS BATCHELOR,204,7,0,114
8C05,2014,8,C,05,223,173,2,BRENDA E. SHIELDS,96,12,0,50
8C06,2014,8,C,06,298,227,2,RHONDA L. EDWARDS-HINES,145,7,0,71
8C07,2014,8,C,07,421,333,1,CHARLES L. LINDSAY,295,38,0,88
8D01,2014,8,D,01,402,300,1,PATRICIA PAT CARMON,265,35,0,102
8D02,2014,8,D,02,307,235,1,OLIVIA L. HENDERSON,224,11,0,72
8D03,2014,8,D,03,256,180,1,ABSALOM "AB" JORDAN,168,12,0,76
8D04,2014,8,D,04,155,103,1,MONIQUE T. DIOP,95,8,0,52
8D05,2014,8,D,05,273,218,1,THOMAS RUFFIN JR.,208,10,0,55
8D06,2014,8,D,06,507,62,1,WRITE-IN,62,62,0,445
8D07,2014,8,D,07,363,265,1,THERESA H. JONES,254,11,1,97
8E01,2014,8,E,01,448,325,2,MARVIN S. LEE,163,11,0,123
8E02,2014,8,E,02,399,333,2,ANTHONY MUHAMMAD,172,20,0,66
8E03,2014,8,E,03,207,167,2,ANTHONY (JAMAAL) DAILEY,110,8,0,40
8E04,2014,8,E,04,468,111,1,WRITE-IN,111,111,0,357
8E05,2014,8,E,05,508,385,1,CHRISTOPHER L. HAWTHORNE,348,37,0,123
8E06,2014,8,E,06,302,221,1,KARLENE (K.) ARMSTEAD,182,39,0,81
8E07,2014,8,E,07,472,378,2,STEPHEN A. SLAUGHTER,193,21,0,94
1A01,2016,1,A,01,722,651,2,Valerie Baron,400,5,0,71
1A02,2016,1,A,02,1089,872,1,Vickey A. Wright-Smith,823,49,1,216
1A03,2016,1,A,03,848,641,1,Zach Rybarczyk,616,25,0,207
1A04,2016,1,A,04,930,714,1,Sadaf Megan Mortezavi,690,24,1,215
1A05,2016,1,A,05,747,598,1,Christine Miller,577,21,1,148
1A06,2016,1,A,06,1149,910,1,Richard DuBeshter,866,44,1,238
1A07,2016,1,A,07,1094,914,2,Sharon Farmer,526,17,0,180
1A08,2016,1,A,08,1315,1107,1,Kent Boese,1078,29,0,208
1A09,2016,1,A,09,884,717,1,Bobby Holmes,676,41,0,167
1A10,2016,1,A,10,1082,981,2,Rashida E. Brown,613,8,0,101
1A11,2016,1,A,11,917,211,1,WRITE-IN,211,211,0,706
1A12,2016,1,A,12,845,651,1,Margaret Hundley,627,24,0,194
1B01,2016,1,B,01,1346,1159,2,Anita Norman,853,14,1,186
1B02,2016,1,B,02,1558,1199,1,Brad Gudzinas,1152,47,0,359
1B03,2016,1,B,03,937,694,1,Sedrick Muhammad,647,47,0,243
1B04,2016,1,B,04,1422,1073,1,Jon Squicciarini,1029,44,0,349
1B05,2016,1,B,05,1157,883,1,Nathan Ackerman,839,44,0,274
1B06,2016,1,B,06,1082,251,1,WRITE-IN,251,251,0,831
1B07,2016,1,B,07,579,457,1,Jessica L. Smith,434,23,0,122
1B08,2016,1,B,08,1056,815,1,Joshua R. Mater,785,30,0,241
1B09,2016,1,B,09,1113,906,1,James A. Turner,861,45,0,207
1B10,2016,1,B,10,596,106,1,WRITE-IN,106,106,0,490
1B11,2016,1,B,11,917,755,1,Robb Hudson,722,33,0,162
1B12,2016,1,B,12,1295,1017,1,John Carlos Green,991,26,1,277
1C01,2016,1,C,01,1339,331,1,WRITE-IN,331,331,0,1008
1C02,2016,1,C,02,1382,1066,1,Hector Huezo,1019,47,1,315
1C03,2016,1,C,03,1238,965,1,Ted Guthrie,903,62,1,272
1C04,2016,1,C,04,1283,993,1,A. Tianna Scozzaro,952,41,0,290
1C05,2016,1,C,05,1250,249,1,WRITE-IN,249,249,0,1001
1C06,2016,1,C,06,1260,965,1,Brendan Reardon,930,35,1,294
1C07,2016,1,C,07,1185,967,2,Wilson Reynolds,603,30,0,218
1C08,2016,1,C,08,1253,1020,2,Amanda Fox Perry,501,27,1,232
1D01,2016,1,D,01,1264,1023,2,Jon Stewart,597,19,1,240
1D02,2016,1,D,02,719,538,3,Paul Karrer,279,10,3,178
1D03,2016,1,D,03,1278,1156,2,Jack McKay,651,12,0,122
1D04,2016,1,D,04,969,754,1,Yasmin Romero-Latin,715,39,0,215
1D05,2016,1,D,05,1252,952,1,Stuart Karaffa,912,40,0,300
2A01,2016,2,A,01,263,209,1,Patrick Kennedy,201,8,0,54
2A02,2016,2,A,02,877,642,1,Rebecca Coder,624,18,0,235
2A03,2016,2,A,03,713,482,2,Marco Guzman,282,19,0,231
2A04,2016,2,A,04,804,637,1,William K. Smith,603,34,1,166
2A05,2016,2,A,05,458,343,1,Philip J. Schrefer,338,5,0,115
2A06,2016,2,A,06,725,539,1,Florence E. Harmon,530,9,0,186
2A07,2016,2,A,07,315,243,1,Detrick Campbell,235,8,0,72
2A08,2016,2,A,08,288,81,1,WRITE-IN,81,81,0,207
2B01,2016,2,B,01,1133,888,1,Amy Johnson,862,26,0,245
2B02,2016,2,B,02,887,685,1,Daniel Warwick,661,24,0,202
2B03,2016,2,B,03,1034,765,1,Stephanie Maltz,733,32,0,269
2B04,2016,2,B,04,1307,972,1,Michael Upright,922,50,0,335
2B05,2016,2,B,05,1174,950,2,Randy D. Downs,531,17,0,224
2B06,2016,2,B,06,1018,773,1,Mike Silverstein,753,20,0,245
2B07,2016,2,B,07,1139,828,1,John Kupcinski,795,33,0,311
2B08,2016,2,B,08,1279,1007,1,Nicole Mann,967,40,0,272
2B09,2016,2,B,09,1393,1192,2,Scott Davies,815,14,2,199
2C01,2016,2,C,01,964,726,1,John Tinpe,707,19,0,238
2C02,2016,2,C,02,838,670,1,Theresa Harrison,652,18,0,168
2C03,2016,2,C,03,815,629,1,Kevin Wilsey,617,12,0,186
2D01,2016,2,D,01,809,608,1,David R. Bender,589,19,0,201
2D02,2016,2,D,02,691,524,1,Ellen Goldstein,503,21,0,167
2E01,2016,2,E,01,843,641,1,Ed Solomon,622,19,0,202
2E02,2016,2,E,02,746,555,1,Joe Gibbons,544,11,0,191
2E03,2016,2,E,03,765,589,2,Rick Murphy,409,7,0,176
2E04,2016,2,E,04,23,5,1,WRITE-IN,5,5,0,18
2E05,2016,2,E,05,578,497,2,Lisa Palmer,298,8,0,81
2E06,2016,2,E,06,987,742,1,Jim Wilcox,722,20,0,245
2E07,2016,2,E,07,1078,823,1,Monica L. Roach√©,803,20,1,254
2E08,2016,2,E,08,337,278,1,Zachary Schroepfer,271,7,0,59
2F01,2016,2,F,01,1213,853,2,Jason Forman,489,25,1,359
2F02,2016,2,F,02,1244,948,1,John Guggenmos,918,30,0,296
2F03,2016,2,F,03,1296,997,2,Alex J. Graham,514,12,1,298
2F04,2016,2,F,04,1139,882,1,John Fanning,868,14,0,257
2F05,2016,2,F,05,944,599,2,Ron Rubin,370,16,0,345
2F06,2016,2,F,06,1132,933,1,Charlie Bengel,910,23,0,199
2F07,2016,2,F,07,839,605,1,Kevin J Sylvester,588,17,1,233
2F08,2016,2,F,08,818,119,1,WRITE-IN,119,119,0,699
3B01,2016,3,B,01,1078,810,1,Ann Lane Mladinov,784,26,0,268
3B02,2016,3,B,02,919,724,1,Jackie Blumenthal,705,19,0,195
3B03,2016,3,B,03,1206,961,1,Melissa Lane,935,26,1,244
3B04,2016,3,B,04,1410,1012,1,Mary C. Young,985,27,0,398
3B05,2016,3,B,05,1092,880,1,Brian G. Turmail,852,28,0,212
3C01,2016,3,C,01,1241,942,1,Lee Brian Reba,901,41,0,299
3C02,2016,3,C,02,1394,1083,1,Gwendolyn Bole,1051,32,1,310
3C03,2016,3,C,03,1308,1048,1,Jessica Wasserman,1023,25,0,260
3C04,2016,3,C,04,1143,266,1,WRITE-IN,266,266,0,877
3C05,2016,3,C,05,1404,1146,2,Emma Hersh,666,19,1,257
3C06,2016,3,C,06,1197,967,1,Angela Bradbery,948,19,1,229
3C07,2016,3,C,07,1039,759,1,Maureen Kinlan Boucher,734,25,0,280
3C08,2016,3,C,08,1037,870,2,Malia N. Brink,612,5,0,167
3C09,2016,3,C,09,1172,1007,2,Nancy J. MacWood,644,13,0,165
3D01,2016,3,D,01,1117,845,1,Chuck Elkins,815,30,0,272
3D02,2016,3,D,02,614,573,2,Troy Kravitz,302,5,0,41
3D03,2016,3,D,03,1010,917,3,Holmes Whalen,393,14,0,93
3D04,2016,3,D,04,1091,482,1,WRITE-IN,482,482,0,609
3D05,2016,3,D,05,1070,848,1,Alma H. Gates,734,114,0,222
3D06,2016,3,D,06,832,644,1,Stephen Gardner,611,33,0,188
3D07,2016,3,D,07,272,39,1,WRITE-IN,39,39,0,233
3D08,2016,3,D,08,914,666,1,Michael Gold,650,16,0,248
3D09,2016,3,D,09,1072,792,1,Conrad J. DeWitte Jr.,757,35,0,280
3D10,2016,3,D,10,352,284,1,Silvia Lucero,270,14,0,68
3E01,2016,3,E,01,1230,941,1,Anne Wallace,900,41,1,288
3E02,2016,3,E,02,1210,924,1,Amy B. Hall,892,32,0,286
3E03,2016,3,E,03,1203,969,1,Jonathan Bender,915,54,0,234
3E04,2016,3,E,04,1198,935,1,Tom Quinn,891,44,0,263
3E05,2016,3,E,05,900,677,1,Jonathan McHugh,645,32,0,223
3F01,2016,3,F,01,1062,809,1,David Dickinson,785,24,0,253
3F02,2016,3,F,02,1174,934,1,Shirley Adelstein,918,16,0,240
3F03,2016,3,F,03,1240,954,1,Naomi Rutenberg,917,37,0,286
3F04,2016,3,F,04,941,145,1,WRITE-IN,145,145,0,796
3F05,2016,3,F,05,1118,810,1,Andrea Molod,791,19,0,308
3F06,2016,3,F,06,1158,891,1,Malachy Nugent,867,24,0,267
3F07,2016,3,F,07,1246,932,1,Patrick Jakopchek,903,29,0,314
3G01,2016,3,G,01,1298,1101,2,Carolyn "Callie" Cook,562,24,2,195
3G02,2016,3,G,02,1198,841,1,Chanda Tuck - Garfield,815,26,0,357
3G03,2016,3,G,03,1274,972,1,Randy Speck,943,29,0,302
3G04,2016,3,G,04,1279,995,1,Rebecca Maydak,954,41,0,284
3G05,2016,3,G,05,1210,970,1,Peter Shapiro,930,40,0,240
3G06,2016,3,G,06,1175,893,1,Dan Bradfield,865,28,1,281
3G07,2016,3,G,07,1166,866,2,Chris Fromboluti,460,22,0,300
4A01,2016,4,A,01,1229,1094,2,Phyllis C. Green,683,13,0,135
4A02,2016,4,A,02,1396,1189,1,Stacey Lincoln,1051,138,0,207
4A03,2016,4,A,03,826,721,2,Stephen A "Steve" Whatley,404,8,0,105
4A04,2016,4,A,04,1111,983,2,Patience R. Singleton,571,10,1,127
4A05,2016,4,A,05,684,521,3,Deborah Pope,328,11,0,163
4A06,2016,4,A,06,608,453,1,Karrye Y. Braxton,439,14,0,155
4A07,2016,4,A,07,944,737,1,David Wilson,718,19,1,206
4A08,2016,4,A,08,1414,1215,1,Gale Black,1176,39,0,199
4B01,2016,4,B,01,1301,1082,2,Andre R. Carley,554,36,0,219
4B02,2016,4,B,02,1158,423,1,WRITE-IN,423,423,0,735
4B03,2016,4,B,03,1244,1044,1,Scot Knickerbocker,1006,38,0,200
4B04,2016,4,B,04,1217,1051,2,Brenda Parks,765,23,0,166
4B05,2016,4,B,05,915,807,2,Yolanda Hughes,578,15,0,108
4B06,2016,4,B,06,1243,1135,2,Natalee S. Snider,744,9,1,107
4B07,2016,4,B,07,1542,1341,2,Judi Jones,696,38,1,200
4B08,2016,4,B,08,1218,1030,1,Barbara Rogers,976,54,0,188
4B09,2016,4,B,09,1341,1205,2,Tischa M. Cockrell,729,7,3,133
4C01,2016,4,C,01,992,885,2,Charlotte Nugent,605,12,1,106
4C02,2016,4,C,02,1206,1017,1,Maria Barry,989,28,0,189
4C03,2016,4,C,03,1094,896,1,Ulysses E. Campbell,871,25,0,198
4C04,2016,4,C,04,677,560,1,Michael Halpern,539,21,0,117
4C05,2016,4,C,05,826,621,1,Zach Teutsch,612,9,0,205
4C06,2016,4,C,06,1350,1082,1,Thomas Burnett,1058,24,0,268
4C07,2016,4,C,07,1160,965,1,Karen W. Cooper,944,21,1,194
4C08,2016,4,C,08,1249,1042,1,Timothy A. Jones,995,47,0,207
4C09,2016,4,C,09,1073,883,1,Joseph Martin,858,25,0,190
4C10,2016,4,C,10,1159,973,1,Jonah Goodman,951,22,0,186
4D01,2016,4,D,01,846,689,1,Nancy E. Roth,672,17,1,156
4D02,2016,4,D,02,1066,948,1,Ren√©e L. Bowser,929,19,0,118
4D03,2016,4,D,03,1181,1025,2,Lisa Colbert,539,13,1,155
4D04,2016,4,D,04,930,791,1,David Sheon,772,19,0,139
4D05,2016,4,D,05,936,791,1,Krystal Branton,769,22,0,145
4D06,2016,4,D,06,1038,906,2,Amy Hemingway,682,18,1,131
5A01,2016,5,A,01,1332,1141,1,Frank Wilds,1099,42,0,191
5A02,2016,5,A,02,1222,1117,3,Grace J. Lewis,604,17,1,104
5A03,2016,5,A,03,1271,1039,3,Keisha S. Cofield-Lynch,514,24,1,231
5A04,2016,5,A,04,55,18,1,WRITE-IN,18,18,0,37
5A05,2016,5,A,05,574,456,1,Ronnie Edwards,441,15,0,118
5A06,2016,5,A,06,1052,813,1,A. Jamaal Lampkin,794,19,2,237
5A07,2016,5,A,07,593,453,1,Sandra "Sandi" Washington,444,9,1,139
5A08,2016,5,A,08,1127,1044,2,Gordon-Andrew Fletcher,538,10,0,83
5B01,2016,5,B,01,1299,1161,1,Gayle Hall Carley,1133,28,0,138
5B02,2016,5,B,02,1276,1038,1,Ursula Higgins,973,65,0,238
5B03,2016,5,B,03,1235,1071,2,Henri Makembe,589,23,0,164
5B04,2016,5,B,04,1146,1019,2,Rayseen Woodland,511,35,0,127
5B05,2016,5,B,05,1212,1034,1,John J. Feeley Jr.,1001,33,0,178
5C01,2016,5,C,01,1144,966,1,Gail A. Brevard,931,35,0,178
5C02,2016,5,C,02,915,777,2,Kevin Mullone,417,11,1,137
5C03,2016,5,C,03,1501,1291,1,Robert Looper III,1257,34,1,209
5C04,2016,5,C,04,956,819,3,Jacqueline Manning,448,10,1,136
5C05,2016,5,C,05,1174,989,2,Regina James,561,20,0,185
5C06,2016,5,C,06,846,664,1,LaMonica Jeffrey,629,35,3,179
5C07,2016,5,C,07,1194,993,1,Yolanda Odunsi,955,38,3,198
5D01,2016,5,D,01,812,634,1,Peta - Gay S. Lewis,609,25,0,178
5D02,2016,5,D,02,1008,895,2,Keisha L. Shropshire,450,14,0,113
5D03,2016,5,D,03,1131,1008,2,James Butler,532,25,0,123
5D04,2016,5,D,04,689,614,2,Bernice S Blacknell,397,8,0,75
5D05,2016,5,D,05,735,623,1,Kathy Henderson,550,73,0,112
5D06,2016,5,D,06,1255,1056,2,H. Yvonne Buggs,740,21,0,199
5D07,2016,5,D,07,1025,819,1,Clarence Lee,783,36,0,206
5E01,2016,5,E,01,1233,997,1,Eddie Garnett,961,36,0,236
5E02,2016,5,E,02,706,578,1,Patricia L. Williams,561,17,1,127
5E03,2016,5,E,03,1920,1542,3,Hannah R. Powell,796,49,2,376
5E04,2016,5,E,04,1214,1048,2,Sylvia M. Pinkney,739,32,0,166
5E05,2016,5,E,05,1307,1125,1,Bradley Ashton Thomas,1104,21,0,182
5E06,2016,5,E,06,1117,883,2,Katherine McClelland,638,30,0,234
5E07,2016,5,E,07,1261,1101,3,Bertha G. Holliday,439,21,0,160
5E08,2016,5,E,08,1171,978,1,Horacio Sierra,942,36,1,192
5E09,2016,5,E,09,1107,961,2,C Dianne Barnes,573,14,3,143
5E10,2016,5,E,10,1223,1122,2,Nancy "Darlene" Jones,611,9,0,101
6A01,2016,6,A,01,1326,1060,1,Marie-Claire Brown,1027,33,0,266
6A02,2016,6,A,02,1336,1108,1,Phil Toomajian,1061,47,2,226
6A03,2016,6,A,03,1370,1099,1,Michael B Soderman,1068,31,0,271
6A04,2016,6,A,04,1389,1191,1,Matt Levy,1152,39,1,197
6A05,2016,6,A,05,1422,1183,2,Patrick Malone,695,55,2,237
6A06,2016,6,A,06,1366,1149,3,Stephanie Zimny,641,192,0,217
6A07,2016,6,A,07,1095,928,1,Sondra Phillips-Gilbert,881,47,0,167
6A08,2016,6,A,08,1351,1133,1,Calvin Ward,1073,60,0,218
6B01,2016,6,B,01,1056,838,1,Jennifer E Samolyk,800,38,0,218
6B02,2016,6,B,02,1324,1070,1,Diane Hoskins,1023,47,0,254
6B03,2016,6,B,03,1316,1047,1,James M Loots,1005,42,1,268
6B04,2016,6,B,04,992,869,1,Kirsten Oldenburg,826,43,0,123
6B05,2016,6,B,05,1328,1079,1,Steve Hagedorn,1036,43,0,249
6B06,2016,6,B,06,1338,1081,1,Nick Burger,1053,28,0,257
6B07,2016,6,B,07,1099,887,1,Aimee M. Grace,868,19,0,212
6B08,2016,6,B,08,1377,1082,1,Chander Jayaraman,1035,47,0,295
6B09,2016,6,B,09,1447,1179,1,Daniel Ridge,1149,30,0,268
6B10,2016,6,B,10,1417,1210,2,Kathryn Denise Rucker Krepp,840,24,1,206
6C01,2016,6,C,01,1074,821,1,Christine Healey,790,31,0,253
6C02,2016,6,C,02,669,522,1,Karen Wirt,494,28,0,147
6C03,2016,6,C,03,1385,1106,1,Scott Price,1048,58,0,279
6C04,2016,6,C,04,1580,1236,1,Mark Eckenwiler,1187,49,0,344
6C05,2016,6,C,05,1479,1233,1,Chris Miller,1190,43,0,246
6C06,2016,6,C,06,2668,2216,1,Heather Edelman,2161,55,0,452
6D01,2016,6,D,01,1530,1272,4,Gail Fast,495,25,0,258
6D02,2016,6,D,02,1609,1295,2,Cara Lea Shockley,947,31,0,314
6D03,2016,6,D,03,1144,212,1,WRITE-IN,212,212,0,932
6D04,2016,6,D,04,1318,1115,1,Andy Litsky,1072,43,0,203
6D05,2016,6,D,05,1427,1192,4,Roger Moffatt,532,21,0,235
6D06,2016,6,D,06,1288,1037,1,Rhonda Natalie Hamilton,1017,20,0,251
6D07,2016,6,D,07,2040,1775,1,Meredith Fascett,1739,36,0,265
6E01,2016,6,E,01,1633,1380,2,Alexander M. "Alex" Padro,813,24,1,252
6E02,2016,6,E,02,1312,1100,4,Anthony Brown,433,17,2,210
6E03,2016,6,E,03,871,757,2,Frank S. Wiggins,511,22,0,114
6E04,2016,6,E,04,1535,1341,4,Lily Roberts,770,16,1,193
6E05,2016,6,E,05,1949,1690,2,Alex Marriott,1221,18,0,259
6E06,2016,6,E,06,654,509,1,Alvin Judd Sr.,482,27,1,144
6E07,2016,6,E,07,1175,897,1,Kevin M. Rogers,864,33,1,277
7B01,2016,7,B,01,937,831,2,Debra Walker,421,16,1,105
7B02,2016,7,B,02,1073,899,1,Tiffany L. Brown,877,22,0,174
7B03,2016,7,B,03,965,110,1,WRITE-IN,110,110,0,855
7B04,2016,7,B,04,1363,1177,1,Phillip J. Hammond,1123,54,0,186
7B05,2016,7,B,05,1053,957,3,Robin Hammond Marlin,359,8,0,96
7B06,2016,7,B,06,1208,1059,2,Donovan Anderson,631,23,1,148
7B07,2016,7,B,07,1306,1152,2,D.L. Humphrey,588,8,0,154
7C01,2016,7,C,01,940,745,1,Patricia Malloy,702,43,0,195
7C02,2016,7,C,02,933,837,2,Mary C. Morgan,450,16,0,96
7C03,2016,7,C,03,921,849,2,Catherine A. Woods,513,8,0,72
7C04,2016,7,C,04,953,824,2,Anthony Lorenzo Green,541,8,0,129
7C05,2016,7,C,05,966,874,2,Mary L. Gaffney,533,19,0,92
7C06,2016,7,C,06,926,179,1,WRITE-IN,179,179,0,747
7C07,2016,7,C,07,970,808,1,Antawan Holmes,793,15,0,162
7D01,2016,7,D,01,1068,985,2,Bob Coomber,491,16,0,83
7D02,2016,7,D,02,1078,855,1,Siraaj Hasan,824,31,0,223
7D03,2016,7,D,03,643,535,1,Dorothy Douglas,528,7,1,107
7D04,2016,7,D,04,1191,1079,2,Jo-Anne Prue,690,8,3,109
7D05,2016,7,D,05,1074,822,1,Janis D. Hazel,788,34,1,251
7D06,2016,7,D,06,906,794,2,Sherice A. Muhammad,482,16,0,112
7D07,2016,7,D,07,982,763,1,Justin A. Lini,744,19,0,219
7E01,2016,7,E,01,1066,939,2,Benjamin E. Thomas Sr.,544,22,0,127
7E02,2016,7,E,02,1115,957,1,Linda S. Green,922,35,1,157
7E03,2016,7,E,03,756,625,1,Ebbon A. Allen,602,23,0,131
7E04,2016,7,E,04,1014,897,2,Takiyah "T.N." Tate,472,17,2,115
7E05,2016,7,E,05,817,670,1,Ashley Emerson,635,35,2,145
7E06,2016,7,E,06,934,855,3,Dontrell A. Smith,388,14,0,79
7E07,2016,7,E,07,881,786,2,Linda M. Holmes,412,44,0,95
7F01,2016,7,F,01,1079,946,4,Tyrell M. Holcomb,414,5,2,131
7F02,2016,7,F,02,1114,864,1,Terrance Hunter,833,31,0,250
7F03,2016,7,F,03,811,694,2,Sheila M. Carson Carr,485,10,2,115
7F04,2016,7,F,04,533,425,1,Charlene Exum,415,10,1,107
7F05,2016,7,F,05,893,735,1,Karen Settles,716,19,0,158
7F06,2016,7,F,06,915,738,1,Carol E. Fletcher,710,28,1,176
7F07,2016,7,F,07,46,2,1,WRITE-IN,2,2,0,44
8A01,2016,8,A,01,1171,978,1,Holly Muhammad,938,40,2,191
8A02,2016,8,A,02,1153,972,1,Barbara J. Clark,950,22,1,180
8A03,2016,8,A,03,1012,138,1,WRITE-IN,138,138,0,874
8A04,2016,8,A,04,642,535,1,Troy Dont√© Prestwood,522,13,0,107
8A05,2016,8,A,05,976,839,2,Travon Hawkins,514,19,0,137
8A06,2016,8,A,06,1055,943,4,Greta J. Fuller,342,22,2,110
8A07,2016,8,A,07,1072,905,1,T'Chaka M. Sapp,863,42,0,167
8B01,2016,8,B,01,931,790,2,Khadijah Watson,507,18,1,140
8B02,2016,8,B,02,712,560,1,Paul Trantham,522,38,0,152
8B03,2016,8,B,03,960,854,3,India Blocker,355,10,1,105
8B04,2016,8,B,04,755,683,2,Mikelle Bassett,350,8,0,72
8B05,2016,8,B,05,691,540,1,Betty Scippio,511,29,0,151
8B06,2016,8,B,06,734,608,2,Mitchell G. Hawkins III,487,22,0,126
8B07,2016,8,B,07,672,565,1,Keeon Bassett,554,11,0,107
8C01,2016,8,C,01,626,572,2,Karen "Coach" Lucas,301,8,1,53
8C02,2016,8,C,02,744,619,1,(Terry) Teresa Stith,590,29,0,125
8C03,2016,8,C,03,855,745,2,Sharece Crawford,427,30,1,109
8C04,2016,8,C,04,905,794,2,David Jones,433,13,0,111
8C05,2016,8,C,05,472,400,2,Brenda E. Shields,260,9,0,72
8C06,2016,8,C,06,742,658,2,Rhonda L. Edwards - Hines,398,13,1,83
8C07,2016,8,C,07,861,763,3,Mary J. Cuthbert,274,8,0,98
8D01,2016,8,D,01,921,727,1,Patricia (Pat) Carmon,697,30,2,192
8D02,2016,8,D,02,752,635,1,Olivia L. Henderson,615,20,0,117
8D03,2016,8,D,03,656,502,1,Absalom "Ab" Jordan,494,8,0,154
8D04,2016,8,D,04,519,421,1,Monique T. Diop,417,4,2,96
8D05,2016,8,D,05,717,51,1,WRITE-IN,51,51,0,666
8D06,2016,8,D,06,928,88,1,WRITE-IN,88,88,0,840
8D07,2016,8,D,07,613,515,1,Theresa H. Jones,494,21,0,98
8E01,2016,8,E,01,942,784,1,Joseph Johnson,743,41,2,156
8E02,2016,8,E,02,887,721,1,Anthony Muhammad,682,39,1,165
8E03,2016,8,E,03,712,580,1,Monica Watts,565,15,0,132
8E04,2016,8,E,04,1013,890,2,Kendall L. Simmons,468,22,0,123
8E05,2016,8,E,05,1080,867,1,Christopher L. Hawthorne,844,23,0,213
8E06,2016,8,E,06,838,629,1,Karlene (K.) Armstead,612,17,0,209
8E07,2016,8,E,07,895,735,1,Stephen A. Slaughter,714,21,0,160
1A01,2018,1,A,01,465,415,2,Layla Bonnot,260,10,1,49
1A02,2018,1,A,02,859,763,2,Teresa A. Edmondson,387,8,0,96
1A03,2018,1,A,03,567,446,1,Zach Rybarczyk,437,9,0,121
1A04,2018,1,A,04,689,544,1,Matthew Goldschmidt,515,29,0,145
1A05,2018,1,A,05,566,496,1,Christine Miller,478,18,0,70
1A06,2018,1,A,06,902,757,1,Angelica Castanon,725,32,0,145
1A07,2018,1,A,07,833,680,1,Jen Bundy,652,28,0,153
1A08,2018,1,A,08,1044,941,1,Kent C. Boese,914,27,1,102
1A09,2018,1,A,09,721,609,1,Michael Wray,573,36,0,112
1A10,2018,1,A,10,848,747,1,Rashida Brown,727,20,0,101
1A11,2018,1,A,11,642,554,1,Dotti Love Wade,519,35,0,88
1A12,2018,1,A,12,590,59,1,WRITE-IN,59,59,0,531
1B01,2018,1,B,01,862,766,1,Anita Norman,734,32,0,96
1B02,2018,1,B,02,1210,926,2,Dan Orlaskey,558,19,1,283
1B03,2018,1,B,03,697,570,1,Sedrick Muhammad,540,30,0,127
1B04,2018,1,B,04,1007,784,1,Jon D. Squicciarini,749,35,0,223
1B05,2018,1,B,05,887,644,2,James Cordes,322,25,1,242
1B06,2018,1,B,06,760,645,1,Jen Bristol,625,20,0,115
1B07,2018,1,B,07,412,324,1,Jessica Smith,305,19,0,88
1B08,2018,1,B,08,738,595,1,Joshua R. Mater,581,14,0,143
1B09,2018,1,B,09,813,677,1,James A. Turner,642,35,0,136
1B10,2018,1,B,10,364,322,1,Danny Delaney,298,24,0,42
1B11,2018,1,B,11,748,638,1,Robb Hudson,556,82,0,110
1B12,2018,1,B,12,1045,868,1,Dan Winston,847,21,1,176
1C01,2018,1,C,01,1043,832,1,Amir Irani,808,24,0,211
1C02,2018,1,C,02,1115,880,2,Bridget Pooley,502,17,0,235
1C03,2018,1,C,03,921,742,1,Ted Guthrie,711,31,1,178
1C04,2018,1,C,04,1006,779,1,Douglas Ely,747,32,1,226
1C05,2018,1,C,05,992,823,1,Damiana Dendy,780,43,0,169
1C06,2018,1,C,06,1012,859,2,Michaela Wright,726,15,1,152
1C07,2018,1,C,07,972,831,2,Japer Bowles,485,14,0,141
1C08,2018,1,C,08,934,794,1,Amanda Fox Perry,765,29,0,140
1D01,2018,1,D,01,973,792,1,Jon Stewart,754,38,0,181
1D02,2018,1,D,02,529,429,1,Robin Sandenburgh,416,13,0,100
1D03,2018,1,D,03,1075,988,2,Jack McKay,564,7,0,87
1D04,2018,1,D,04,777,565,2,Yasmin Romero-Latin,389,17,0,212
1D05,2018,1,D,05,976,804,2,Chelsea A. Allinger,443,21,0,172
2A01,2018,2,A,01,123,104,1,Patrick Kennedy,98,6,0,19
2A02,2018,2,A,02,614,505,1,Nicole Goldin,490,15,0,109
2A03,2018,2,A,03,496,397,1,Trupti J. Patel,367,30,0,99
2A04,2018,2,A,04,589,570,2,William K Smith,342,2,0,19
2A05,2018,2,A,05,273,229,1,Philip J. Schrefer,210,19,1,43
2A06,2018,2,A,06,465,394,1,Jeri Epstein,381,13,0,71
2A07,2018,2,A,07,156,132,1,Detrick D Campbell,126,6,0,24
2A08,2018,2,A,08,109,21,1,WRITE-IN,21,21,0,88
2B01,2018,2,B,01,777,629,1,Matthew H Sampson,595,34,0,148
2B02,2018,2,B,02,634,539,1,Daniel Warwick,513,26,0,95
2B03,2018,2,B,03,755,569,2,Lucky Barbieri,283,24,0,186
2B04,2018,2,B,04,1012,904,2,Aaron Landry,578,12,0,108
2B05,2018,2,B,05,766,656,1,Randy D Downs,621,35,0,110
2B06,2018,2,B,06,715,598,1,Mike Silverstein,574,24,0,117
2B07,2018,2,B,07,871,728,1,Kari Cunningham,692,36,0,143
2B08,2018,2,B,08,947,809,1,Beverly Schwartz,759,50,0,138
2B09,2018,2,B,09,1004,882,1,Ed Hanlon,557,325,1,121
2C01,2018,2,C,01,661,515,2,Michael D. Shankle,324,14,0,146
2C02,2018,2,C,02,636,520,1,Jamaal T. Burton,502,18,0,116
2C03,2018,2,C,03,545,449,1,Kevin Wilsey,425,24,0,96
2D01,2018,2,D,01,561,466,1,David R. Bender,441,25,0,95
2D02,2018,2,D,02,529,458,2,Jeff Nestler,257,16,0,71
2E01,2018,2,E,01,598,586,2,Kishan Putta,397,5,0,12
2E02,2018,2,E,02,509,429,1,Joe Gibbons,401,28,0,80
2E03,2018,2,E,03,457,396,1,Rick Murphy,373,23,0,61
2E04,2018,2,E,04,4,4,1,Anna Landre,4,0,0,0
2E05,2018,2,E,05,332,292,1,Lisa Palmer,282,10,0,40
2E06,2018,2,E,06,675,638,2,Gwendolyn Lohse,419,4,0,37
2E07,2018,2,E,07,756,632,1,Elizabeth H. Miller,597,35,0,124
2E08,2018,2,E,08,142,25,1,WRITE-IN,25,25,0,117
2F01,2018,2,F,01,870,719,1,Jason Forman,687,32,0,151
2F02,2018,2,F,02,836,696,1,John Guggenmos,674,22,0,140
2F03,2018,2,F,03,892,722,1,Tom Alexander,697,25,0,170
2F04,2018,2,F,04,878,730,1,John Fanning,707,23,0,148
2F05,2018,2,F,05,756,592,1,Ron Rubin,571,21,1,163
2F06,2018,2,F,06,887,761,1,Ian Simon,725,36,1,125
2F07,2018,2,F,07,606,488,1,Kevin J Sylvester,464,24,1,117
2F08,2018,2,F,08,565,454,2,Janice Ferebee,296,10,0,111
3B01,2018,3,B,01,772,625,1,Ann Lane Mladinov,600,25,0,147
3B02,2018,3,B,02,631,535,1,Jackie Blumenthal,514,21,0,96
3B03,2018,3,B,03,853,731,1,Melissa Lane,713,18,0,122
3B04,2018,3,B,04,1100,901,1,Mary C. Young,883,18,0,199
3B05,2018,3,B,05,738,631,1,Brian G. Turmail,609,22,0,107
3C01,2018,3,C,01,966,789,2,Lee Brian Reba,445,18,0,177
3C02,2018,3,C,02,1141,925,1,Jason Fink,894,31,0,216
3C03,2018,3,C,03,1056,799,1,Jimmy Dubois,769,30,1,256
3C04,2018,3,C,04,860,704,1,Beau Finley,687,17,0,156
3C05,2018,3,C,05,1181,1010,1,Emma Hersh,964,46,0,171
3C06,2018,3,C,06,867,779,1,Angela Bradbery,645,134,0,88
3C07,2018,3,C,07,755,618,1,Maureen Kinlan Boucher,593,25,0,137
3C08,2018,3,C,08,776,620,2,Victoria Gersten,474,11,2,154
3C09,2018,3,C,09,911,760,1,Nancy J. MacWood,720,40,0,151
3D01,2018,3,D,01,840,677,1,Chuck Elkins,659,18,1,162
3D02,2018,3,D,02,427,359,1,Troy Kravitz,332,27,1,67
3D03,2018,3,D,03,697,484,1,Paige Ela,454,30,0,213
3D04,2018,3,D,04,845,709,1,Michael Sriqui,659,50,0,136
3D05,2018,3,D,05,825,783,2,Alan Karnofsky,490,6,1,41
3D06,2018,3,D,06,550,134,1,WRITE-IN,134,134,0,416
3D07,2018,3,D,07,70,61,1,Taylor Berlin,61,0,0,9
3D08,2018,3,D,08,639,497,1,Christine Warnke,484,13,0,142
3D09,2018,3,D,09,727,567,1,J.P. Szymkowicz,521,46,0,160
3D10,2018,3,D,10,205,31,1,WRITE-IN,31,31,0,174
3E01,2018,3,E,01,1011,778,1,Greg Ehrhardt,717,61,1,232
3E02,2018,3,E,02,914,779,2,Amy B. Hall,440,11,1,134
3E03,2018,3,E,03,915,778,1,Jonathan Bender,729,49,1,136
3E04,2018,3,E,04,981,815,1,Tom Quinn,775,40,0,166
3E05,2018,3,E,05,704,585,1,Jonathan McHugh,552,33,0,119
3F01,2018,3,F,01,868,687,1,David Dickinson,657,30,0,181
3F02,2018,3,F,02,914,813,2,Carolinn A Kuebler,643,6,1,100
3F03,2018,3,F,03,947,786,1,Naomi Rutenberg,762,24,0,161
3F04,2018,3,F,04,828,134,1,WRITE-IN,134,134,0,694
3F05,2018,3,F,05,851,666,1,Andrea Molod,651,15,0,185
3F06,2018,3,F,06,913,739,2,Monika Nemeth,415,14,0,174
3F07,2018,3,F,07,979,802,1,Patrick Jakopchek,773,29,0,177
3G01,2018,3,G,01,950,764,1,Abraham Clayman,725,39,0,186
3G02,2018,3,G,02,946,706,1,Chanda Tuck-Garfield,665,41,1,239
3G03,2018,3,G,03,1021,853,1,Randy Speck,822,31,0,168
3G04,2018,3,G,04,1022,838,1,Rebecca Maydak,797,41,0,184
3G05,2018,3,G,05,974,827,2,Jerry Malitz,449,17,0,147
3G06,2018,3,G,06,947,753,1,Dan Bradfield,726,27,0,194
3G07,2018,3,G,07,885,698,1,Chris Fromboluti,678,20,0,187
4A01,2018,4,A,01,1017,920,2,Phyllis Green,542,19,0,97
4A02,2018,4,A,02,1150,1092,2,Stacey Lincoln,613,7,0,58
4A03,2018,4,A,03,654,566,1,Stephen A. "Steve" Whatley,536,30,0,88
4A04,2018,4,A,04,800,729,2,Patience R. Singleton,463,10,1,70
4A05,2018,4,A,05,447,369,1,Deborah Pope,342,27,0,78
4A06,2018,4,A,06,385,307,1,Candace Tiana Nelson,297,10,0,78
4A07,2018,4,A,07,664,154,1,WRITE-IN,154,154,0,510
4A08,2018,4,A,08,1153,1021,1,Gale Black,977,44,1,131
4B01,2018,4,B,01,1052,938,2,Evan Yeats,506,17,0,114
4B02,2018,4,B,02,905,815,2,Erin Palmer,601,23,0,90
4B03,2018,4,B,03,940,812,1,Scot Knickerbocker,770,42,0,128
4B04,2018,4,B,04,960,856,1,Brenda Parks,819,37,0,104
4B05,2018,4,B,05,641,113,1,WRITE-IN,113,113,0,528
4B06,2018,4,B,06,971,814,1,Natalee S. Snider,642,172,0,157
4B07,2018,4,B,07,1301,1206,3,Geoff Bromaghim,528,15,0,95
4B08,2018,4,B,08,950,863,2,Alison Brooks,657,26,0,87
4B09,2018,4,B,09,1052,1018,2,La Roya A. Huff,515,6,1,33
4C01,2018,4,C,01,712,653,2,Charlotte Nugent,495,16,0,59
4C02,2018,4,C,02,975,817,1,Maria Barry,761,56,0,158
4C03,2018,4,C,03,819,684,2,Ulysses E. Campbell,399,21,1,134
4C04,2018,4,C,04,557,160,1,WRITE-IN,160,160,0,397
4C05,2018,4,C,05,678,543,2,Debbie Matties,344,15,0,135
4C06,2018,4,C,06,1051,850,1,Bennett Hilley,801,49,3,198
4C07,2018,4,C,07,933,801,2,Kim Varzi,651,27,0,132
4C08,2018,4,C,08,1013,890,1,WRITE-IN,450,450,0,123
4C09,2018,4,C,09,842,757,2,Tearsa Coates,472,22,1,84
4C10,2018,4,C,10,918,779,1,Jonah Goodman,700,79,0,139
4D01,2018,4,D,01,601,480,1,Peter Tabor,462,18,0,121
4D02,2018,4,D,02,823,751,1,Renee L. Bowser,733,18,0,72
4D03,2018,4,D,03,927,764,1,Aaron Polkey,734,30,0,163
4D04,2018,4,D,04,708,605,1,Jamie Barden,587,18,0,103
4D05,2018,4,D,05,654,545,1,Krystal Branton,521,24,0,109
4D06,2018,4,D,06,786,659,1,Jonathan Nobil,623,36,0,127
5A01,2018,5,A,01,1032,933,2,Frank Wilds,632,19,1,98
5A02,2018,5,A,02,950,855,1,Grace J. Lewis,782,73,0,95
5A03,2018,5,A,03,1028,906,2,Emily Singer Lucio,443,33,0,122
5A04,2018,5,A,04,18,3,1,WRITE-IN,3,3,0,15
5A05,2018,5,A,05,363,323,2,Ronnie Edwards,167,2,0,40
5A06,2018,5,A,06,722,610,1,A. Jamaal Lampkin,567,43,0,112
5A07,2018,5,A,07,427,361,1,Sandra "Sandi" Washington,348,13,1,65
5A08,2018,5,A,08,1089,983,1,Gordon - Andrew Fletcher,934,49,0,106
5B01,2018,5,B,01,1056,967,1,Gayle Carley,927,40,0,89
5B02,2018,5,B,02,1006,859,1,Ursula Higgins,800,59,1,146
5B03,2018,5,B,03,1087,910,1,Henri Makembe,846,64,0,177
5B04,2018,5,B,04,1041,883,1,Ra Amin,843,40,0,158
5B05,2018,5,B,05,1023,871,2,Landon Jones,429,28,0,152
5C01,2018,5,C,01,891,798,3,Gail A. Brevard,454,25,0,93
5C02,2018,5,C,02,748,675,2,Lauren Rogers,449,15,0,73
5C03,2018,5,C,03,1199,1064,1,Robert Looper III,1031,33,1,134
5C04,2018,5,C,04,738,653,1,Jacqueline Manning,618,35,0,85
5C05,2018,5,C,05,763,657,1,Darlene Oliver,629,28,0,106
5C06,2018,5,C,06,615,553,3,Kirsten Williams,207,7,0,62
5C07,2018,5,C,07,877,778,2,Jeremiah Montague Jr,571,17,0,99
5D01,2018,5,D,01,578,519,2,Ryan Linehan,320,8,1,58
5D02,2018,5,D,02,719,623,1,Keisha L. Shropshire,593,30,1,95
5D03,2018,5,D,03,716,601,1,Steven Motley,558,43,0,115
5D04,2018,5,D,04,497,437,1,Bernice S Blacknell,424,13,0,60
5D05,2018,5,D,05,474,426,2,Sydelle Moore,299,11,0,48
5D06,2018,5,D,06,1040,867,2,Jason E. Burkett,423,36,0,173
5D07,2018,5,D,07,748,644,1,Clarence Lee,619,25,0,104
5E01,2018,5,E,01,841,310,1,WRITE-IN,310,310,0,531
5E02,2018,5,E,02,447,377,1,Patricia L. Williams,360,17,0,70
5E03,2018,5,E,03,1482,1243,2,Cortney Segmen,853,68,1,238
5E04,2018,5,E,04,1024,940,4,Sylvia M. Pinkney,496,9,1,83
5E05,2018,5,E,05,969,861,2,Bradley Ashton Thomas,427,11,0,108
5E06,2018,5,E,06,832,721,2,Karla M. Lewis,374,12,0,111
5E07,2018,5,E,07,999,831,1,Bertha G. Holliday,778,53,0,168
5E08,2018,5,E,08,928,739,1,Robert Vinson Brannum,686,53,0,189
5E09,2018,5,E,09,829,740,4,C. Dianne Barnes,360,13,1,88
5E10,2018,5,E,10,965,853,1,Nancy Darlene Jones,714,139,0,112
6A01,2018,6,A,01,1022,874,1,Marie-Claire Brown,838,36,1,147
6A02,2018,6,A,02,978,845,1,Phil Toomajian,801,44,0,133
6A03,2018,6,A,03,1115,974,2,Mike Soderman,536,20,0,141
6A04,2018,6,A,04,1130,985,1,Amber Gove,948,37,0,145
6A05,2018,6,A,05,1142,1007,2,Ruth Ann Hudson,548,13,0,135
6A06,2018,6,A,06,997,849,2,Stephanie Zimny,655,24,1,147
6A07,2018,6,A,07,750,659,1,Sondra Phillips-Gilbert,614,45,0,91
6A08,2018,6,A,08,1057,888,1,Brian Alcorn,848,40,1,168
6B01,2018,6,B,01,792,661,1,Jennifer E. Samolyk,625,36,0,131
6B02,2018,6,B,02,1082,837,1,Gerald Sroufe,804,33,0,245
6B03,2018,6,B,03,1073,908,1,Brian Ready,866,42,0,165
6B04,2018,6,B,04,824,718,1,Kirsten Oldenburg,682,36,0,106
6B05,2018,6,B,05,1026,872,2,Steve Holtzman,655,17,0,154
6B06,2018,6,B,06,1105,921,1,Corey Holman,891,30,0,184
6B07,2018,6,B,07,787,664,1,Kelly Waud,639,25,0,123
6B08,2018,6,B,08,1027,833,1,Chander Jayaraman,790,43,1,193
6B09,2018,6,B,09,1217,1054,1,Kasie Clark,1006,48,0,163
6B10,2018,6,B,10,1045,899,1,Kathryn Denise Rucker Krepp,857,42,0,146
6C01,2018,6,C,01,828,704,1,Christine Healey,679,25,0,124
6C02,2018,6,C,02,451,364,1,Karen Wirt,344,20,0,87
6C03,2018,6,C,03,1115,890,1,Jay Adelstein,847,43,0,225
6C04,2018,6,C,04,1174,960,1,Mark Eckenwiler,895,65,0,214
6C05,2018,6,C,05,1466,1153,2,Joel Kelty,574,43,0,313
6C06,2018,6,C,06,2384,1961,1,Robb Dooling,1868,93,0,423
6D01,2018,6,D,01,1352,1152,1,Gail Fast,1080,72,1,199
6D02,2018,6,D,02,1565,1369,2,Anna Forgie,1046,46,0,196
6D03,2018,6,D,03,781,639,1,Ron Collins,594,45,0,142
6D04,2018,6,D,04,1248,1071,1,Andy Litsky,1019,52,1,176
6D05,2018,6,D,05,1180,1016,2,Anthony Dale,553,26,1,163
6D06,2018,6,D,06,848,745,1,Rhonda Natalie Hamilton,705,40,0,103
6D07,2018,6,D,07,2108,1739,3,Edward Daniels,847,86,1,368
6E01,2018,6,E,01,1214,1047,2,Alexander M. "Alex" Padro,631,16,0,167
6E02,2018,6,E,02,1054,881,2,Michael J. Brown,423,45,2,171
6E03,2018,6,E,03,623,541,1,Frank Wiggins,504,37,2,80
6E04,2018,6,E,04,1089,857,1,David Jaffe,646,211,0,232
6E05,2018,6,E,05,1518,1327,1,Alex Marriott,1263,64,0,191
6E06,2018,6,E,06,237,196,1,Alvin Judd SR,184,12,0,41
6E07,2018,6,E,07,820,691,1,Kevin M. Rogers,624,67,1,128
7B01,2018,7,B,01,717,589,1,Patricia Howard-Chittams,554,35,0,128
7B02,2018,7,B,02,746,663,1,Tiffany L. Brown,638,25,0,83
7B03,2018,7,B,03,647,82,1,WRITE-IN,82,82,0,565
7B04,2018,7,B,04,1083,979,2,Nicole Smith-McDermott,524,34,1,103
7B05,2018,7,B,05,746,708,2,Villareal "VJ" Johnson,359,9,0,38
7B06,2018,7,B,06,952,865,2,April Pradier,326,220,1,86
7B07,2018,7,B,07,1041,927,2,D.L. Humphrey,524,36,1,113
7C01,2018,7,C,01,565,494,2,Patricia Malloy,297,18,0,71
7C02,2018,7,C,02,645,552,2,Lawrence Bryant Davin,330,21,0,93
7C03,2018,7,C,03,591,508,1,Catherine A. Woods,480,28,0,83
7C04,2018,7,C,04,766,669,1,Anthony Lorenzo Green,635,34,0,97
7C05,2018,7,C,05,684,580,1,Mary L. Gaffney,542,38,1,103
7C06,2018,7,C,06,580,93,1,WRITE-IN,93,93,0,487
7C07,2018,7,C,07,586,541,2,Antawan Holmes,373,7,0,45
7D01,2018,7,D,01,888,855,3,Tamara Blair,483,5,1,32
7D02,2018,7,D,02,722,562,1,Siraaj Hasan,533,29,0,160
7D03,2018,7,D,03,357,325,3,Dorothy Douglas,219,6,0,32
7D04,2018,7,D,04,915,886,2,Cinque E. Culver,499,5,2,27
7D05,2018,7,D,05,765,120,1,WRITE-IN,120,120,0,645
7D06,2018,7,D,06,617,105,1,WRITE-IN,105,105,0,512
7D07,2018,7,D,07,760,593,1,Artilie Wright,572,21,0,167
7E01,2018,7,E,01,751,691,2,Veda Rasheed,478,14,0,60
7E02,2018,7,E,02,828,725,1,Linda S. Green,663,62,0,103
7E03,2018,7,E,03,428,360,1,Ebbon A. Allen,340,20,1,67
7E04,2018,7,E,04,725,665,2,Takiyah "T.N." Tate,452,20,2,58
7E05,2018,7,E,05,505,405,1,Victor L. Horton,355,50,0,100
7E06,2018,7,E,06,602,494,1,Delia Houseal,445,49,0,108
7E07,2018,7,E,07,617,552,2,Yolanda Fields,454,51,2,63
7F01,2018,7,F,01,771,642,1,Tyrell M. Holcomb,615,27,0,129
7F02,2018,7,F,02,875,694,1,Terrance Hunter,655,39,0,181
7F03,2018,7,F,03,453,378,1,Sheila Marie Carson Carr,360,18,0,75
7F04,2018,7,F,04,259,206,2,Charlene Exum,107,19,0,53
7F05,2018,7,F,05,548,504,2,Brittany N. Hughes,274,10,0,44
7F06,2018,7,F,06,562,457,1,Carol E. Fletcher,438,19,0,105
7F07,2018,7,F,07,26,2,1,WRITE-IN,2,2,0,24
8A01,2018,8,A,01,773,722,2,Holly Muhammad,526,8,0,51
8A02,2018,8,A,02,791,683,1,Barbara J. Clark,644,39,0,108
8A03,2018,8,A,03,659,533,1,Brian K Thompson,485,48,1,125
8A04,2018,8,A,04,400,334,1,Troy Donte Prestwood,285,49,0,66
8A05,2018,8,A,05,619,176,1,WRITE-IN,176,176,0,443
8A06,2018,8,A,06,765,713,2,Tyon Jones,341,33,1,51
8A07,2018,8,A,07,703,603,1,Hanna Baker,529,74,0,100
8B01,2018,8,B,01,624,562,2,Leonard Lee Watson JR.,375,10,0,62
8B02,2018,8,B,02,417,319,1,Paul Trantham,286,33,0,98
8B03,2018,8,B,03,571,496,2,Charles H. Wilson,312,48,0,75
8B04,2018,8,B,04,435,364,1,Darrell Danny Gaston,235,129,1,70
8B05,2018,8,B,05,378,321,1,Betty Scippio,251,70,0,57
8B06,2018,8,B,06,480,373,1,Humam Abdulmalik,340,33,0,107
8B07,2018,8,B,07,418,96,1,WRITE-IN,96,96,0,322
8C01,2018,8,C,01,712,595,1,Mike Austin,532,63,0,117
8C02,2018,8,C,02,342,309,2,Chyla D. Evans,163,29,0,33
8C03,2018,8,C,03,538,155,1,WRITE-IN,155,155,0,383
8C04,2018,8,C,04,615,572,2,Regina Sharlita Pixley,302,14,0,43
8C05,2018,8,C,05,282,217,1,Mustafa Abdul-Salaam,196,21,0,65
8C06,2018,8,C,06,347,286,1,Rhonda Edwards-Hines,242,44,0,61
8C07,2018,8,C,07,594,550,2,Salim Adofo,283,70,0,44
8D01,2018,8,D,01,496,417,1,Patricia "Pat" Carmon,391,26,0,79
8D02,2018,8,D,02,425,363,1,Olivia L. Henderson,352,11,0,62
8D03,2018,8,D,03,356,272,1,Absalom "AB" Jordan,256,16,0,84
8D04,2018,8,D,04,295,253,1,Monique T. Diop,240,13,1,41
8D05,2018,8,D,05,434,337,1,Ellen Armstead,319,18,1,96
8D06,2018,8,D,06,673,552,1,LaVerne R. Glenn,522,30,0,121
8D07,2018,8,D,07,430,395,2,Constance "Connie" Mobley,288,18,0,35
8E01,2018,8,E,01,585,556,3,Joseph B. Johnson,217,34,0,29
8E02,2018,8,E,02,555,523,3,Cheryl Moore,229,11,1,31
8E03,2018,8,E,03,364,307,1,Monica Watts,281,26,0,57
8E04,2018,8,E,04,679,635,2,Kendall Simmons,326,26,0,44
8E05,2018,8,E,05,692,566,1,Christopher L. Hawthorne,525,41,0,126
8E06,2018,8,E,06,494,395,1,Karlene (K.) Armstead,378,17,0,99
8E07,2018,8,E,07,597,495,1,Stephen A Slaughter,455,40,0,102